Provincia,Codigo municipio,Municipio
AVILA,1,ADANERO
AVILA,2,LA ADRADA
AVILA,5,ALBORNOS
AVILA,7,ALDEANUEVA DE SANTA CRUZ
AVILA,8,ALDEASECA
AVILA,10,LA ALDEHUELA
AVILA,12,AMAVIDA
AVILA,13,EL ARENAL
AVILA,14,ARENAS DE SAN PEDRO
AVILA,15,AREVALILLO
AVILA,16,AR�VALO
AVILA,17,AVEINTE
AVILA,18,AVELLANEDA
AVILA,19,AVILA
AVILA,21,EL BARCO DE AVILA
AVILA,22,EL BARRACO
AVILA,23,BARROM�N
AVILA,24,BECEDAS
AVILA,25,BECEDILLAS
AVILA,26,BERCIAL DE ZAPARDIEL
AVILA,27,LAS BERLANAS
AVILA,29,BERNUY-ZAPARDIEL
AVILA,30,BERROCALEJO DE ARAGONA
AVILA,33,BLASCOMILL�N
AVILA,34,BLASCONU�O DE MATACABRAS
AVILA,35,BLASCOSANCHO
AVILA,36,EL BOHODON
AVILA,37,BOHOYO
AVILA,38,BONILLA DE LA SIERRA
AVILA,39,BRABOS
AVILA,40,BULARROS
AVILA,41,BURGOHONDO
AVILA,42,CABEZAS DE ALAMBRE
AVILA,43,CABEZAS DEL POZO
AVILA,44,CABEZAS DEL VILLAR
AVILA,45,CABIZUELA
AVILA,46,CANALES
AVILA,47,CANDELEDA
AVILA,48,CANTIVEROS
AVILA,49,CARDE�OSA
AVILA,51,LA CARRERA
AVILA,52,CASAS DEL PUERTO
AVILA,53,CASASOLA
AVILA,54,CASAVIEJA
AVILA,55,CASILLAS
AVILA,56,CASTELLANOS DE ZAPARDIEL
AVILA,57,CEBREROS
AVILA,58,CEPEDA LA MORA
AVILA,59,CILLAN
AVILA,60,CISLA
AVILA,61,LA COLILLA
AVILA,62,COLLADO DE CONTRERAS
AVILA,63,COLLADO DEL MIR�N
AVILA,64,CONSTANZANA
AVILA,65,CRESPOS
AVILA,66,CUEVAS DEL VALLE
AVILA,67,CHAMART�N
AVILA,69,DONJIMENO
AVILA,70,DONVIDAS
AVILA,72,ESPINOSA DE LOS CABALLEROS
AVILA,73,FLORES DE AVILA
AVILA,74,FONTIVEROS
AVILA,75,FRESNEDILLA
AVILA,76,EL FRESNO
AVILA,77,FUENTE EL SAUZ
AVILA,78,FUENTES DE A�O
AVILA,79,GALLEGOS DE ALTAMIROS
AVILA,80,GALLEGOS DE SOBRINOS
AVILA,81,GARGANTA DEL VILLAR
AVILA,82,GAVILANES
AVILA,83,GEMU�O
AVILA,84,GILBUENA
AVILA,85,GIL GARCIA
AVILA,86,GIMIALC�N
AVILA,87,GOTARRENDURA
AVILA,88,GRANDES Y SAN MARTIN
AVILA,89,GUISANDO
AVILA,90,GUTIERRE-MU�OZ
AVILA,92,HERNANSANCHO
AVILA,93,HERRADON DE PINARES
AVILA,94,HERREROS DE SUSO
AVILA,95,HIGUERA DE LAS DUE�AS
AVILA,96,LA HIJA DE DIOS
AVILA,97,LA HORCAJADA
AVILA,99,HORCAJO DE LAS TORRES
AVILA,100,EL HORNILLO
AVILA,101,HOYOCASERO
AVILA,102,EL HOYO DE PINARES
AVILA,103,HOYORREDONDO
AVILA,104,HOYOS DEL COLLADO
AVILA,105,HOYOS DEL ESPINO
AVILA,106,HOYOS DE MIGUEL MU�OZ
AVILA,107,HURTUMPASCUAL
AVILA,108,JUNCIANA
AVILA,109,LANGA
AVILA,110,LANZAHITA
AVILA,112,EL LOSAR DEL BARCO
AVILA,113,LOS LLANOS DE TORMES
AVILA,114,MADRIGAL DE LAS ALTAS TORRES
AVILA,115,MAELLO
AVILA,116,MALPARTIDA DE CORNEJA
AVILA,117,MAMBLAS
AVILA,118,MANCERA DE ARRIBA
AVILA,119,MANJABALAGO
AVILA,120,MARL�N
AVILA,121,MARTIHERRERO
AVILA,122,MART�NEZ
AVILA,123,MEDIANA DE VOLTOYA
AVILA,124,MEDINILLA
AVILA,125,MENGAMU�OZ
AVILA,126,MESEGAR DE CORNEJA
AVILA,127,MIJARES
AVILA,128,MINGORR�A
AVILA,129,EL MIRON
AVILA,130,MIRONCILLO
AVILA,131,MIRUE�A DE LOS INFANZONES
AVILA,132,MOMBELTR�N
AVILA,133,MONSALUPE
AVILA,134,MORALEJA DE MATACABRAS
AVILA,135,MU�ANA
AVILA,136,MU�ICO
AVILA,138,MU�OGALINDO
AVILA,139,MU�OGRANDE
AVILA,140,MU�OMER DEL PECO
AVILA,141,MU�OPEPE
AVILA,142,MU�OSANCHO
AVILA,143,MU�OTELLO
AVILA,144,NARRILLOS DEL ALAMO
AVILA,145,NARRILLOS DEL REBOLLAR
AVILA,147,NARROS DEL CASTILLO
AVILA,148,NARROS DEL PUERTO
AVILA,149,NARROS DE SALDUE�A
AVILA,151,NAVACEPEDILLA DE CORNEJA
AVILA,152,NAVA DE AREVALO
AVILA,153,NAVA DEL BARCO
AVILA,154,NAVADIJOS
AVILA,155,NAVAESCURIAL
AVILA,156,NAVAHONDILLA
AVILA,157,NAVALACRUZ
AVILA,158,NAVALMORAL
AVILA,159,NAVALONGUILLA
AVILA,160,NAVALOSA
AVILA,161,NAVALPERAL DE PINARES
AVILA,162,NAVALPERAL DE TORMES
AVILA,163,NAVALUENGA
AVILA,164,NAVAQUESERA
AVILA,165,NAVARREDONDA DE GREDOS
AVILA,166,NAVARREDONDILLA
AVILA,167,NAVARREVISCA
AVILA,168,LAS NAVAS DEL MARQUES
AVILA,169,NAVATALGORDO
AVILA,170,NAVATEJARES
AVILA,171,NEILA DE SAN MIGUEL
AVILA,172,NIHARRA
AVILA,173,OJOS-ALBOS
AVILA,174,ORBITA
AVILA,175,EL OSO
AVILA,176,PADIERNOS
AVILA,177,PAJARES DE ADAJA
AVILA,178,PALACIOS DE GODA
AVILA,179,PAPATRIGO
AVILA,180,EL PARRAL
AVILA,181,PASCUALCOBO
AVILA,182,PEDRO BERNARDO
AVILA,183,PEDRO-RODRIGUEZ
AVILA,184,PEGUERINOS
AVILA,185,PE�ALBA DE AVILA
AVILA,186,PIEDRAHITA
AVILA,187,PIEDRALAVES
AVILA,188,POVEDA
AVILA,189,POYALES DEL HOYO
AVILA,190,POZANCO
AVILA,191,PRADOSEGAR
AVILA,192,PUERTO CASTILLA
AVILA,193,RASUEROS
AVILA,194,RIOCABADO
AVILA,195,RIOFR�O
AVILA,196,RIVILLA DE BARAJAS
AVILA,197,SALOBRAL
AVILA,198,SALVADI�S
AVILA,199,SAN BARTOLOM� DE B�JAR
AVILA,200,SAN BARTOLOM� DE CORNEJA
AVILA,201,SAN BARTOLOME DE PINARES
AVILA,204,SANCHIDRI�N
AVILA,205,SANCHORREJA
AVILA,206,SAN ESTEBAN DE LOS PATOS
AVILA,207,SAN ESTEBAN DEL VALLE
AVILA,208,SAN ESTEBAN DE ZAPARDIEL
AVILA,209,SAN GARC�A DE INGELMOS
AVILA,210,SAN JUAN DE LA ENCINILLA
AVILA,211,SAN JUAN DE LA NAVA
AVILA,212,SAN JUAN DEL MOLINILLO
AVILA,213,SAN JUAN DEL OLMO
AVILA,214,SAN LORENZO DE TORMES
AVILA,215,SAN MARTIN DE LA VEGA DEL ALBERCHE
AVILA,216,SAN MART�N DEL PIMPOLLAR
AVILA,217,SAN MIGUEL DE CORNEJA
AVILA,218,SAN MIGUEL DE SERREZUELA
AVILA,219,SAN PASCUAL
AVILA,220,SAN PEDRO DEL ARROYO
AVILA,221,SANTA CRUZ DEL VALLE
AVILA,222,SANTA CRUZ DE PINARES
AVILA,224,SANTA MARIA DEL ARROYO
AVILA,225,SANTA MARIA DEL BERROCAL
AVILA,226,SANTA MAR�A DE LOS CABALLEROS
AVILA,227,SANTA MAR�A DEL TI�TAR
AVILA,228,SANTIAGO DEL COLLADO
AVILA,229,SANTO DOMINGO DE LAS POSADAS
AVILA,230,SANTO TOM� DE ZABARCOS
AVILA,231,SAN VICENTE DE AREVALO
AVILA,232,LA SERRADA
AVILA,233,SERRANILLOS
AVILA,234,SIGERES
AVILA,235,SINLABAJOS
AVILA,236,SOLANA DE AVILA
AVILA,237,SOLANA DE RIOALMAR
AVILA,238,SOLOSANCHO
AVILA,239,SOTALBO
AVILA,240,SOTILLO DE LA ADRADA
AVILA,241,EL TIEMBLO
AVILA,242,TI�OSILLOS
AVILA,243,TOLBA�OS
AVILA,244,TORMELLAS
AVILA,245,TORNADIZOS DE AVILA
AVILA,246,T�RTOLES
AVILA,247,LA TORRE
AVILA,249,UMBRIAS
AVILA,251,VADILLO DE LA SIERRA
AVILA,252,VALDECASA
AVILA,253,VEGA DE SANTA MAR�A
AVILA,254,VELAYOS
AVILA,256,VILLAFLOR
AVILA,257,VILLAFRANCA DE LA SIERRA
AVILA,258,VILLANUEVA DE G�MEZ
AVILA,259,VILLANUEVA DEL ACERAL
AVILA,260,VILLANUEVA DEL CAMPILLO
AVILA,261,VILLAR DE CORNEJA
AVILA,262,VILLAREJO DEL VALLE
AVILA,263,VILLATORO
AVILA,264,VI�EGRA DE MORA�A
AVILA,265,VITA
AVILA,266,ZAPARDIEL DE LA CA�ADA
AVILA,267,ZAPARDIEL DE LA RIBERA
AVILA,901,SAN JUAN DE GREDOS
AVILA,902,SANTA MARIA DEL CUBILLO
AVILA,903,DIEGO DEL CARPIO
AVILA,904,SANTIAGO DEL TORMES
AVILA,905,VILLANUEVA DE AVILA
BURGOS,1,ABAJAS
BURGOS,3,ADRADA DE HAZA
BURGOS,6,AGUAS C�NDIDAS
BURGOS,7,AGUILAR DE BUREBA
BURGOS,9,ALBILLOS
BURGOS,10,ALCOCERO DE MOLA
BURGOS,11,ALFOZ DE BRICIA
BURGOS,12,ALFOZ DE SANTA GADEA
BURGOS,13,ALTABLE
BURGOS,14,LOS ALTOS
BURGOS,16,AMEYUGO
BURGOS,17,ANGUIX
BURGOS,18,ARANDA DE DUERO
BURGOS,19,ARANDILLA
BURGOS,20,ARAUZO DE MIEL
BURGOS,21,ARAUZO DE SALCE
BURGOS,22,ARAUZO DE TORRE
BURGOS,23,ARCOS
BURGOS,24,ARENILLAS DE RIOPISUERGA
BURGOS,25,ARIJA
BURGOS,26,ARLANZ�N
BURGOS,27,ARRAYA DE OCA
BURGOS,29,ATAPUERCA
BURGOS,30,LOS AUSINES
BURGOS,32,AVELLANOSA DE MU��
BURGOS,33,BAHAB�N DE ESGUEVA
BURGOS,34,LOS BALBASES
BURGOS,35,BA�OS DE VALDEARADOS
BURGOS,36,BA�UELOS DE BUREBA
BURGOS,37,BARBADILLO DE HERREROS
BURGOS,38,BARBADILLO DEL MERCADO
BURGOS,39,BARBADILLO DEL PEZ
BURGOS,41,BARRIO DE MU��
BURGOS,43,LOS BARRIOS DE BUREBA
BURGOS,44,BARRIOS DE COLINA
BURGOS,45,BASCONCILLOS DEL TOZO
BURGOS,46,BASCU�ANA
BURGOS,47,BELBIMBRE
BURGOS,48,BELORADO
BURGOS,50,BERBERANA
BURGOS,51,BERLANGAS DE ROA
BURGOS,52,BERZOSA DE BUREBA
BURGOS,54,BOZOO
BURGOS,55,BRAZACORTA
BURGOS,56,BRIVIESCA
BURGOS,57,BUGEDO
BURGOS,58,BUNIEL
BURGOS,59,BURGOS
BURGOS,60,BUSTO DE BUREBA
BURGOS,61,CABA�ES DE ESGUEVA
BURGOS,62,CABEZ�N DE LA SIERRA
BURGOS,63,CAVIA
BURGOS,64,CALERUEGA
BURGOS,65,CAMPILLO DE ARANDA
BURGOS,66,CAMPOLARA
BURGOS,67,CANICOSA DE LA SIERRA
BURGOS,68,CANTABRANA
BURGOS,70,CARAZO
BURGOS,71,CARCEDO DE BUREBA
BURGOS,72,CARCEDO DE BURGOS
BURGOS,73,CARDE�ADIJO
BURGOS,74,CARDE�AJIMENO
BURGOS,75,CARDE�UELA RIOPICO
BURGOS,76,CARRIAS
BURGOS,77,CASCAJARES DE BUREBA
BURGOS,78,CASCAJARES DE LA SIERRA
BURGOS,79,CASTELLANOS DE CASTRO
BURGOS,82,CASTILDELGADO
BURGOS,83,CASTIL DE PEONES
BURGOS,84,CASTRILLO DE LA REINA
BURGOS,85,CASTRILLO DE LA VEGA
BURGOS,86,CASTRILLO DEL VAL
BURGOS,88,CASTRILLO DE RIOPISUERGA
BURGOS,90,CASTRILLO MATAJUD�OS
BURGOS,91,CASTROJERIZ
BURGOS,93,CAYUELA
BURGOS,94,CEBRECOS
BURGOS,95,CELADA DEL CAMINO
BURGOS,98,CEREZO DE RIO TIRON
BURGOS,100,CERRAT�N DE JUARROS
BURGOS,101,CIADONCHA
BURGOS,102,CILLAPERLATA
BURGOS,103,CILLERUELO DE ABAJO
BURGOS,104,CILLERUELO DE ARRIBA
BURGOS,105,CIRUELOS DE CERVERA
BURGOS,108,COGOLLOS
BURGOS,109,CONDADO DE TREVI�O
BURGOS,110,CONTRERAS
BURGOS,112,CORU�A DEL CONDE
BURGOS,113,COVARRUBIAS
BURGOS,114,CUBILLO DEL CAMPO
BURGOS,115,CUBO DE BUREBA
BURGOS,117,CUEVA DE ROA (LA)
BURGOS,119,CUEVAS DE SAN CLEMENTE
BURGOS,120,ENC�O
BURGOS,122,ESPINOSA DE CERVERA
BURGOS,123,ESPINOSA DEL CAMINO
BURGOS,124,ESPINOSA DE LOS MONTEROS
BURGOS,125,EST�PAR
BURGOS,127,FONTIOSO
BURGOS,128,FRANDOV�NEZ
BURGOS,129,FRESNEDA DE LA SIERRA TIRON
BURGOS,130,FRESNE�A
BURGOS,131,FRESNILLO DE LAS DUE�AS
BURGOS,132,FRESNO DE RIO TIRON
BURGOS,133,FRESNO DE RODILLA
BURGOS,134,FR�AS
BURGOS,135,FUENTEBUREBA
BURGOS,136,FUENTECEN
BURGOS,137,FUENTELC�SPED
BURGOS,138,FUENTELISENDO
BURGOS,139,FUENTEMOLINOS
BURGOS,140,FUENTENEBRO
BURGOS,141,FUENTESPINA
BURGOS,143,GALBARROS
BURGOS,144,LA GALLEGA
BURGOS,148,GRIJALBA
BURGOS,149,GRISALE�A
BURGOS,151,GUMIEL DE IZ�N
BURGOS,152,GUMIEL DE MERCADO
BURGOS,154,HACINAS
BURGOS,155,HAZA
BURGOS,159,HONTANAS
BURGOS,160,HONTANGAS
BURGOS,162,HONTORIA DE LA CANTERA
BURGOS,163,HONTORIA DEL PINAR
BURGOS,164,HONTORIA DE VALDEARADOS
BURGOS,166,LAS HORMAZAS
BURGOS,167,HORNILLOS DEL CAMINO
BURGOS,168,LA HORRA
BURGOS,169,HORTIG�ELA
BURGOS,170,HOYALES DE ROA
BURGOS,172,HU�RMECES
BURGOS,173,HUERTA DE ARRIBA
BURGOS,174,HUERTA DE REY
BURGOS,175,HUMADA
BURGOS,176,HURONES
BURGOS,177,IBEAS DE JUARROS
BURGOS,178,IBRILLOS
BURGOS,179,IGLESIARRUBIA
BURGOS,180,IGLESIAS
BURGOS,181,ISAR
BURGOS,182,ITERO DEL CASTILLO
BURGOS,183,JARAMILLO DE LA FUENTE
BURGOS,184,JARAMILLO QUEMADO
BURGOS,189,JUNTA DE TRASLALOMA
BURGOS,190,JUNTA DE VILLALBA DE LOSA
BURGOS,191,JURISDICCION DE LARA
BURGOS,192,JURISDICCI�N DE SAN ZADORNIL
BURGOS,194,LERMA
BURGOS,195,LLANO DE BUREBA
BURGOS,196,MADRIGAL DEL MONTE
BURGOS,197,MADRIGALEJO DEL MONTE
BURGOS,198,MAHAMUD
BURGOS,199,MAMBRILLA DE CASTREJ�N
BURGOS,200,MAMBRILLAS DE LARA
BURGOS,201,MAMOLAR
BURGOS,202,MANCILES
BURGOS,206,MAZUELA
BURGOS,208,MECERREYES
BURGOS,209,MEDINA DE POMAR
BURGOS,211,MELGAR DE FERNAMENTAL
BURGOS,213,MERINDAD DE CUESTA-URR�A
BURGOS,214,MERINDAD DE MONTIJA
BURGOS,215,MERINDAD DE SOTOSCUEVA
BURGOS,216,MERINDAD DE VALDEPORRES
BURGOS,217,MERINDAD DE VALDIVIELSO
BURGOS,218,MILAGROS
BURGOS,219,MIRANDA DE EBRO
BURGOS,220,MIRAVECHE
BURGOS,221,MOD�BAR DE LA EMPAREDADA
BURGOS,223,MONASTERIO DE LA SIERRA
BURGOS,224,MONASTERIO DE RODILLA
BURGOS,225,MONCALVILLO
BURGOS,226,MONTERRUBIO DE DEMANDA
BURGOS,227,MONTORIO
BURGOS,228,MORADILLO DE ROA
BURGOS,229,NAVA DE ROA
BURGOS,230,NAVAS DE BUREBA
BURGOS,231,NEBREDA
BURGOS,232,NEILA
BURGOS,235,OLMEDILLO DE ROA
BURGOS,236,OLMILLOS DE MU��
BURGOS,238,O�A
BURGOS,239,OQUILLAS
BURGOS,241,ORBANEJA RIOPICO
BURGOS,242,PADILLA DE ABAJO
BURGOS,243,PADILLA DE ARRIBA
BURGOS,244,PADRONES DE BUREBA
BURGOS,246,PALACIOS DE LA SIERRA
BURGOS,247,PALACIOS DE RIOPISUERGA
BURGOS,248,PALAZUELOS DE LA SIERRA
BURGOS,249,PALAZUELOS DE MU��
BURGOS,250,PAMPLIEGA
BURGOS,251,PANCORBO
BURGOS,253,PARDILLA
BURGOS,255,PARTIDO DE LA SIERRA EN TOBALINA
BURGOS,256,PEDROSA DE DUERO
BURGOS,257,PEDROSA DEL P�RAMO
BURGOS,258,PEDROSA DEL PR�NCIPE
BURGOS,259,PEDROSA DE RIO URBEL
BURGOS,261,PE�ARANDA DE DUERO
BURGOS,262,PERAL DE ARLANZA
BURGOS,265,PI�RNIGAS
BURGOS,266,PINEDA DE LA SIERRA
BURGOS,267,PINEDA TRASMONTE
BURGOS,268,PINILLA DE LOS BARRUECOS
BURGOS,269,PINILLA DE LOS MOROS
BURGOS,270,PINILLA TRASMONTE
BURGOS,272,POZA DE LA SAL
BURGOS,273,PR�DANOS DE BUREBA
BURGOS,274,PRADOLUENGO
BURGOS,275,PRESENCIO
BURGOS,276,LA PUEBLA DE ARGANZON
BURGOS,277,PUENTEDURA
BURGOS,279,QUEMADA
BURGOS,280,QUINTANABUREBA
BURGOS,281,QUINTANA DEL PIDIO
BURGOS,283,QUINTANA�LEZ
BURGOS,287,QUINTANAORTU�O
BURGOS,288,QUINTANAPALLA
BURGOS,289,QUINTANAR DE LA SIERRA
BURGOS,292,QUINTANAVIDES
BURGOS,294,QUINTANILLA DE LA MATA
BURGOS,295,QUINTANILLA DEL COCO
BURGOS,297,LAS QUINTANILLAS
BURGOS,298,QUINTANILLA SAN GARCIA
BURGOS,301,QUINTANILLA VIVAR
BURGOS,302,RABANERA DEL PINAR
BURGOS,303,R�BANOS
BURGOS,304,RAB� DE LAS CALZADAS
BURGOS,306,REBOLLEDO DE LA TORRE
BURGOS,307,REDECILLA DEL CAMINO
BURGOS,308,REDECILLA DEL CAMPO
BURGOS,309,REGUMIEL DE LA SIERRA
BURGOS,310,REINOSO
BURGOS,311,RETUERTA
BURGOS,312,LA REVILLA Y AHEDO
BURGOS,314,REVILLA DEL CAMPO
BURGOS,315,REVILLARRUZ
BURGOS,316,REVILLA VALLEJERA
BURGOS,317,REZMONDO
BURGOS,318,RIOCAVADO DE LA SIERRA
BURGOS,321,ROA
BURGOS,323,ROJAS
BURGOS,325,ROYUELA DE R�O FRANCO
BURGOS,326,RUBENA
BURGOS,327,RUBLACEDO DE ABAJO
BURGOS,328,RUCANDIO
BURGOS,329,SALAS DE BUREBA
BURGOS,330,SALAS DE LOS INFANTES
BURGOS,332,SALDA�A DE BURGOS
BURGOS,334,SALINILLAS DE BUREBA
BURGOS,335,SAN ADRI�N DE JUARROS
BURGOS,337,SAN JUAN DEL MONTE
BURGOS,338,SAN MAM�S DE BURGOS
BURGOS,339,SAN MART�N DE RUBIALES
BURGOS,340,SAN MILL�N DE LARA
BURGOS,343,SANTA CECILIA
BURGOS,345,SANTA CRUZ DE LA SALCEDA
BURGOS,346,SANTA CRUZ DEL VALLE URBION
BURGOS,347,SANTA GADEA DEL CID
BURGOS,348,SANTA IN�S
BURGOS,350,SANTA MARIA DEL CAMPO
BURGOS,351,SANTA MAR�A DEL INVIERNO
BURGOS,352,SANTA MARIA DEL MERCADILLO
BURGOS,353,SANTA MARIA RIVARREDONDA
BURGOS,354,SANTA OLALLA DE BUREBA
BURGOS,355,SANTIB��EZ DE ESGUEVA
BURGOS,356,SANTIBA�EZ DEL VAL
BURGOS,358,SANTO DOMINGO DE SILOS
BURGOS,360,SAN VICENTE DEL VALLE
BURGOS,361,SARGENTES DE LA LORA
BURGOS,362,SARRAC�N
BURGOS,363,SASAM�N
BURGOS,365,LA SEQUERA DE HAZA
BURGOS,366,SOLARANA
BURGOS,368,SORDILLOS
BURGOS,369,SOTILLO DE LA RIBERA
BURGOS,372,SOTRAGERO
BURGOS,373,SOTRESGUDO
BURGOS,374,SUSINOS DEL P�RAMO
BURGOS,375,TAMARON
BURGOS,377,TARDAJOS
BURGOS,378,TEJADA
BURGOS,380,TERRADILLOS DE ESGUEVA
BURGOS,381,TINIEBLAS DE LA SIERRA
BURGOS,382,TOBAR
BURGOS,384,TORD�MAR
BURGOS,386,TORRECILLA DEL MONTE
BURGOS,387,TORREGALINDO
BURGOS,388,TORRELARA
BURGOS,389,TORREPADRE
BURGOS,390,TORRESANDINO
BURGOS,391,T�RTOLES DE ESGUEVA
BURGOS,392,TOSANTOS
BURGOS,394,TRESPADERNE
BURGOS,395,TUBILLA DEL AGUA
BURGOS,396,TUBILLA DEL LAGO
BURGOS,398,�RBEL DEL CASTILLO
BURGOS,400,VADOCONDES
BURGOS,403,VALDEANDE
BURGOS,405,VALDEZATE
BURGOS,406,VALDORROS
BURGOS,407,VALMALA
BURGOS,408,VALLARTA DE BUREBA
BURGOS,409,VALLE DE MANZANEDO
BURGOS,410,VALLE DE MENA
BURGOS,411,VALLE DE OCA
BURGOS,412,VALLE DE TOBALINA
BURGOS,413,VALLE DE VALDEBEZANA
BURGOS,414,VALLE DE VALDELAGUNA
BURGOS,415,VALLE DE VALDELUCIO
BURGOS,416,VALLE DE ZAMANZAS
BURGOS,417,VALLEJERA
BURGOS,418,VALLES DE PALENZUELA
BURGOS,419,VALLU�RCANES
BURGOS,421,LA VID Y BARRIOS
BURGOS,422,LA VID DE BUREBA
BURGOS,423,VILE�A
BURGOS,424,VILORIA DE RIOJA
BURGOS,425,VILVIESTRE DEL PINAR
BURGOS,427,VILLADIEGO
BURGOS,428,VILLAESCUSA DE ROA
BURGOS,429,VILLAESCUSA LA SOMBR�A
BURGOS,430,VILLAESPASA
BURGOS,431,VILLAFRANCA MONTES DE OCA
BURGOS,432,VILLAFRUELA
BURGOS,433,VILLAGALIJO
BURGOS,434,VILLAGONZALO PEDERNALES
BURGOS,437,VILLAHOZ
BURGOS,438,VILLALBA DE DUERO
BURGOS,439,VILLALBILLA DE BURGOS
BURGOS,440,VILLALBILLA DE GUMIEL
BURGOS,441,VILLALDEMIRO
BURGOS,442,VILLALMANZO
BURGOS,443,VILLAMAYOR DE LOS MONTES
BURGOS,444,VILLAMAYOR DE TREVI�O
BURGOS,445,VILLAMBISTIA
BURGOS,446,VILLAMEDIANILLA
BURGOS,447,VILLAMIEL DE LA SIERRA
BURGOS,448,VILLANG�MEZ
BURGOS,449,VILLANUEVA DE ARGA�O
BURGOS,450,VILLANUEVA DE CARAZO
BURGOS,451,VILLANUEVA DE GUMIEL
BURGOS,454,VILLANUEVA DE TEBA
BURGOS,455,VILLAQUIR�N DE LA PUEBLA
BURGOS,456,VILLAQUIR�N DE LOS INFANTES
BURGOS,458,VILLARIEZO
BURGOS,460,VILLASANDINO
BURGOS,463,VILLASUR DE HERREROS
BURGOS,464,VILLATUELDA
BURGOS,466,VILLAVERDE DEL MONTE
BURGOS,467,VILLAVERDE-MOGINA
BURGOS,471,VILLAYERNO MORQUILLAS
BURGOS,472,VILLAZOPEQUE
BURGOS,473,VILLEGAS
BURGOS,476,VILLORUEBO
BURGOS,478,VIZCA�NOS
BURGOS,480,ZAEL
BURGOS,482,ZARZOSA DE RIO PISUERGA
BURGOS,483,ZAZUAR
BURGOS,485,ZU�EDA
BURGOS,901,QUINTANILLA DEL AGUA Y TORDUELES
BURGOS,902,VALLE DE SANTIB��EZ
BURGOS,903,VILLARCAYO DE MERINDAD DE CASTILLA LA VIEJA
BURGOS,904,VALLE DE LAS NAVAS
BURGOS,905,VALLE DE SEDANO
BURGOS,906,MERINDAD DE R�O UBIERNA
BURGOS,907,ALFOZ DE QUINTANADUE�AS
BURGOS,908,VALLE DE LOSA
LEON,1,ACEBEDO
LEON,2,ALGADEFE
LEON,3,ALIJA DEL INFANTADO
LEON,4,ALMANZA
LEON,5,LA ANTIGUA
LEON,6,ARD�N
LEON,7,ARGANZA
LEON,8,ASTORGA
LEON,9,BALBOA
LEON,10,LA BA�EZA
LEON,11,BARJAS
LEON,12,LOS BARRIOS DE LUNA
LEON,14,BEMBIBRE
LEON,15,BENAVIDES
LEON,16,BENUZA
LEON,17,BERCIANOS DEL P�RAMO
LEON,18,BERCIANOS DEL REAL CAMINO
LEON,19,BERLANGA DEL BIERZO
LEON,20,BOCA DE HU�RGANO
LEON,21,BO�AR
LEON,22,BORRENES
LEON,23,BRAZUELO
LEON,24,EL BURGO RANERO
LEON,25,BUR�N
LEON,26,BUSTILLO DEL P�RAMO
LEON,27,CABA�AS RARAS
LEON,28,CABREROS DEL R�O
LEON,29,CABRILLANES
LEON,30,CACABELOS
LEON,31,CALZADA DEL COTO
LEON,32,CAMPAZAS
LEON,33,CAMPO DE VILLAVIDEL
LEON,34,CAMPONARAYA
LEON,36,CAND�N
LEON,37,C�RMENES
LEON,38,CARRACEDELO
LEON,39,CARRIZO
LEON,40,CARROCERA
LEON,41,CARUCEDO
LEON,42,CASTILFAL�
LEON,43,CASTRILLO DE CABRERA
LEON,44,CASTRILLO DE LA VALDUERNA
LEON,46,CASTROCALB�N
LEON,47,CASTROCONTRIGO
LEON,49,CASTROPODAME
LEON,50,CASTROTIERRA DE VALMADRIGAL
LEON,51,CEA
LEON,52,CEBANICO
LEON,53,CEBRONES DEL R�O
LEON,54,CIMANES DE LA VEGA
LEON,55,CIMANES DEL TEJAR
LEON,56,CISTIERNA
LEON,57,CONGOSTO
LEON,58,CORBILLOS DE LOS OTEROS
LEON,59,CORULL�N
LEON,60,CR�MENES
LEON,61,CUADROS
LEON,62,CUBILLAS DE LOS OTEROS
LEON,63,CUBILLAS DE RUEDA
LEON,64,CUBILLOS DEL SIL
LEON,65,CHOZAS DE ABAJO
LEON,66,DESTRIANA
LEON,67,ENCINEDO
LEON,68,LA ERCINA
LEON,69,ESCOBAR DE CAMPOS
LEON,70,FABERO
LEON,71,FOLGOSO DE LA RIBERA
LEON,73,FRESNO DE LA VEGA
LEON,74,FUENTES DE CARBAJAL
LEON,76,GARRAFE DE TOR�O
LEON,77,GORDALIZA DEL PINO
LEON,78,GORDONCILLO
LEON,79,GRADEFES
LEON,80,GRAJAL DE CAMPOS
LEON,81,GUSENDOS DE LOS OTEROS
LEON,82,HOSPITAL DE �RBIGO
LEON,83,IG�E�A
LEON,84,IZAGRE
LEON,86,JOARILLA DE LAS MATAS
LEON,87,LAGUNA DALGA
LEON,88,LAGUNA DE NEGRILLOS
LEON,89,LEON
LEON,90,LUCILLO
LEON,91,LUYEGO
LEON,92,LLAMAS DE LA RIBERA
LEON,93,MAGAZ DE CEPEDA
LEON,94,MANSILLA DE LAS MULAS
LEON,95,MANSILLA MAYOR
LEON,96,MARA�A
LEON,97,MATADE�N DE LOS OTEROS
LEON,98,MATALLANA DE TOR�O
LEON,99,MATANZA
LEON,100,MOLINASECA
LEON,101,MURIAS DE PAREDES
LEON,102,NOCEDA DEL BIERZO
LEON,103,OENCIA
LEON,104,LAS OMA�AS
LEON,105,ONZONILLA
LEON,106,OSEJA DE SAJAMBRE
LEON,107,PAJARES DE LOS OTEROS
LEON,108,PALACIOS DE LA VALDUERNA
LEON,109,PALACIOS DEL SIL
LEON,110,P�RAMO DEL SIL
LEON,112,PERANZANES
LEON,113,POBLADURA DE PELAYO GARC�A
LEON,114,LA POLA DE GORD�N
LEON,115,PONFERRADA
LEON,116,POSADA DE VALDE�N
LEON,117,POZUELO DEL P�RAMO
LEON,118,PRADO DE LA GUZPE�A
LEON,119,PRIARANZA DEL BIERZO
LEON,120,PRIORO
LEON,121,PUEBLA DE LILLO
LEON,122,PUENTE DE DOMINGO FL�REZ
LEON,123,QUINTANA DEL CASTILLO
LEON,124,QUINTANA DEL MARCO
LEON,125,QUINTANA Y CONGOSTO
LEON,127,REGUERAS DE ARRIBA
LEON,129,REYERO
LEON,130,RIA�O
LEON,131,RIEGO DE LA VEGA
LEON,132,RIELLO
LEON,133,RIOSECO DE TAPIA
LEON,134,LA ROBLA
LEON,136,ROPERUELOS DEL P�RAMO
LEON,137,SABERO
LEON,139,SAHAG�N
LEON,141,SAN ADRIAN DEL VALLE
LEON,142,SAN ANDR�S DEL RABANEDO
LEON,143,SANCEDO
LEON,144,SAN CRIST�BAL DE LA POLANTERA
LEON,145,SAN EMILIANO
LEON,146,SAN ESTEBAN DE NOGALES
LEON,148,SAN JUSTO DE LA VEGA
LEON,149,SAN MILL�N DE LOS CABALLEROS
LEON,150,SAN PEDRO BERCIANOS
LEON,151,SANTA COLOMBA DE CURUE�O
LEON,152,SANTA COLOMBA DE SOMOZA
LEON,153,SANTA CRISTINA DE VALMADRIGAL
LEON,154,SANTA ELENA DE JAMUZ
LEON,155,SANTA MAR�A DE LA ISLA
LEON,156,SANTA MAR�A DEL MONTE DE CEA
LEON,157,SANTA MAR�A DEL P�RAMO
LEON,158,SANTA MAR�A DE ORD�S
LEON,159,SANTA MARINA DEL REY
LEON,160,SANTAS MARTAS
LEON,161,SANTIAGO MILLAS
LEON,162,SANTOVENIA DE LA VALDONCINA
LEON,163,SARIEGOS
LEON,164,SENA DE LUNA
LEON,165,SOBRADO
LEON,166,SOTO DE LA VEGA
LEON,167,SOTO Y AM�O
LEON,168,TORAL DE LOS GUZMANES
LEON,169,TORENO
LEON,170,TORRE DEL BIERZO
LEON,171,TRABADELO
LEON,172,TRUCHAS
LEON,173,TURCIA
LEON,174,URDIALES DEL P�RAMO
LEON,175,VALDEFRESNO
LEON,176,VALDEFUENTES DEL P�RAMO
LEON,177,VALDELUGUEROS
LEON,178,VALDEMORA
LEON,179,VALDEPI�LAGO
LEON,180,VALDEPOLO
LEON,181,VALDERAS
LEON,182,VALDERREY
LEON,183,VALDERRUEDA
LEON,184,VALDESAMARIO
LEON,185,VAL DE SAN LORENZO
LEON,187,VALDEVIMBRE
LEON,188,VALENCIA DE DON JUAN
LEON,189,VALVERDE DE LA VIRGEN
LEON,190,VALVERDE-ENRIQUE
LEON,191,VALLECILLO
LEON,193,LA VECILLA
LEON,194,VEGACERVERA
LEON,196,VEGA DE ESPINAREDA
LEON,197,VEGA DE INFANZONES
LEON,198,VEGA DE VALCARCE
LEON,199,VEGAQUEMADA
LEON,201,VEGAS DEL CONDADO
LEON,202,VILLABLINO
LEON,203,VILLABRAZ
LEON,205,VILLADANGOS DEL P�RAMO
LEON,206,TORAL DE LOS VADOS
LEON,207,VILLADEMOR DE LA VEGA
LEON,209,VILLAFRANCA DEL BIERZO
LEON,210,VILLAGAT�N
LEON,211,VILLAMANDOS
LEON,212,VILLAMA��N
LEON,213,VILLAMART�N DE DON SANCHO
LEON,214,VILLAMEJIL
LEON,215,VILLAMOL
LEON,216,VILLAMONT�N DE LA VALDUERNA
LEON,217,VILLAMORATIEL DE LAS MATAS
LEON,218,VILLANUEVA DE LAS MANZANAS
LEON,219,VILLAOBISPO DE OTERO
LEON,221,VILLAQUEJIDA
LEON,222,VILLAQUILAMBRE
LEON,223,VILLAREJO DE �RBIGO
LEON,224,VILLARES DE �RBIGO
LEON,225,VILLASABARIEGO
LEON,226,VILLASEL�N
LEON,227,VILLATURIEL
LEON,228,VILLAZALA
LEON,229,VILLAZANZO DE VALDERADUEY
LEON,230,ZOTES DEL P�RAMO
LEON,901,VILLAMAN�N
LEON,902,VILLAORNATE Y CASTRO
PALENCIA,1,ABARCA DE CAMPOS
PALENCIA,3,ABIA DE LAS TORRES
PALENCIA,4,AGUILAR DE CAMPO�
PALENCIA,5,ALAR DEL REY
PALENCIA,6,ALBA DE CERRATO
PALENCIA,9,AMAYUELAS DE ARRIBA
PALENCIA,10,AMPUDIA
PALENCIA,11,AMUSCO
PALENCIA,12,ANTIG�EDAD
PALENCIA,15,ARCONADA
PALENCIA,17,ASTUDILLO
PALENCIA,18,AUTILLA DEL PINO
PALENCIA,19,AUTILLO DE CAMPOS
PALENCIA,20,AYUELA
PALENCIA,22,BALTAN�S
PALENCIA,23,VENTA DE BA�OS
PALENCIA,24,BAQUER�N DE CAMPOS
PALENCIA,25,B�RCENA DE CAMPOS
PALENCIA,27,BARRUELO DE SANTULL�N
PALENCIA,28,B�SCONES DE OJEDA
PALENCIA,29,BECERRIL DE CAMPOS
PALENCIA,31,BELMONTE DE CAMPOS
PALENCIA,32,BERZOSILLA
PALENCIA,33,BOADA DE CAMPOS
PALENCIA,34,BOADILLA DEL CAMINO
PALENCIA,35,BOADILLA DE RIOSECO
PALENCIA,36,BRA�OSERA
PALENCIA,37,BUENAVISTA DE VALDAVIA
PALENCIA,38,BUSTILLO DE LA VEGA
PALENCIA,39,BUSTILLO DEL P�RAMO DE CARRI�N
PALENCIA,41,CALAHORRA DE BOEDO
PALENCIA,42,CALZADA DE LOS MOLINOS
PALENCIA,45,CAPILLAS
PALENCIA,46,CARDE�OSA DE VOLPEJERA
PALENCIA,47,CARRI�N DE LOS CONDES
PALENCIA,48,CASTIL DE VELA
PALENCIA,49,CASTREJ�N DE LA PE�A
PALENCIA,50,CASTRILLO DE DON JUAN
PALENCIA,51,CASTRILLO DE ONIELO
PALENCIA,52,CASTRILLO DE VILLAVEGA
PALENCIA,53,CASTROMOCHO
PALENCIA,55,CERVATOS DE LA CUEZA
PALENCIA,56,CERVERA DE PISUERGA
PALENCIA,57,CEVICO DE LA TORRE
PALENCIA,58,CEVICO NAVERO
PALENCIA,59,CISNEROS
PALENCIA,60,COBOS DE CERRATO
PALENCIA,61,COLLAZOS DE BOEDO
PALENCIA,62,CONGOSTO DE VALDAVIA
PALENCIA,63,CORDOVILLA LA REAL
PALENCIA,66,CUBILLAS DE CERRATO
PALENCIA,67,DEHESA DE MONTEJO
PALENCIA,68,DEHESA DE ROMANOS
PALENCIA,69,DUE�AS
PALENCIA,70,ESPINOSA DE CERRATO
PALENCIA,71,ESPINOSA DE VILLAGONZALO
PALENCIA,72,FRECHILLA
PALENCIA,73,FRESNO DEL R�O
PALENCIA,74,FR�MISTA
PALENCIA,76,FUENTES DE NAVA
PALENCIA,77,FUENTES DE VALDEPERO
PALENCIA,79,GRIJOTA
PALENCIA,80,GUARDO
PALENCIA,81,GUAZA DE CAMPOS
PALENCIA,82,H�RMEDES DE CERRATO
PALENCIA,83,HERRERA DE PISUERGA
PALENCIA,84,HERRERA DE VALDECA�AS
PALENCIA,86,HONTORIA DE CERRATO
PALENCIA,87,HORNILLOS DE CERRATO
PALENCIA,88,HUSILLOS
PALENCIA,89,ITERO DE LA VEGA
PALENCIA,91,LAGARTOS
PALENCIA,92,LANTADILLA
PALENCIA,93,LA VID DE OJEDA
PALENCIA,94,LEDIGOS
PALENCIA,96,LOMAS
PALENCIA,98,MAGAZ DE PISUERGA
PALENCIA,99,MANQUILLOS
PALENCIA,100,MANTINOS
PALENCIA,101,MARCILLA DE CAMPOS
PALENCIA,102,MAZARIEGOS
PALENCIA,103,MAZUECOS DE VALDEGINATE
PALENCIA,104,MELGAR DE YUSO
PALENCIA,106,MENESES DE CAMPOS
PALENCIA,107,MICIECES DE OJEDA
PALENCIA,108,MONZ�N DE CAMPOS
PALENCIA,109,MORATINOS
PALENCIA,110,MUD�
PALENCIA,112,NOGAL DE LAS HUERTAS
PALENCIA,113,OLEA DE BOEDO
PALENCIA,114,OLMOS DE OJEDA
PALENCIA,116,OSORNILLO
PALENCIA,120,PALENCIA
PALENCIA,121,PALENZUELA
PALENCIA,122,P�RAMO DE BOEDO
PALENCIA,123,PAREDES DE NAVA
PALENCIA,124,PAYO DE OJEDA
PALENCIA,125,PEDRAZA DE CAMPOS
PALENCIA,126,PEDROSA DE LA VEGA
PALENCIA,127,PERALES
PALENCIA,129,PINO DEL R�O
PALENCIA,130,PI�A DE CAMPOS
PALENCIA,131,POBLACI�N DE ARROYO
PALENCIA,132,POBLACION DE CAMPOS
PALENCIA,133,POBLACI�N DE CERRATO
PALENCIA,134,POLENTINOS
PALENCIA,135,POMAR DE VALDIVIA
PALENCIA,136,POZA DE LA VEGA
PALENCIA,137,POZO DE URAMA
PALENCIA,139,PR�DANOS DE OJEDA
PALENCIA,140,LA PUEBLA DE VALDAVIA
PALENCIA,141,QUINTANA DEL PUENTE
PALENCIA,143,QUINTANILLA DE ONSO�A
PALENCIA,146,REINOSO DE CERRATO
PALENCIA,147,RENEDO DE LA VEGA
PALENCIA,149,REQUENA DE CAMPOS
PALENCIA,151,RESPENDA DE LA PE�A
PALENCIA,152,REVENGA DE CAMPOS
PALENCIA,154,REVILLA DE COLLAZOS
PALENCIA,155,RIBAS DE CAMPOS
PALENCIA,156,RIBEROS DE LA CUEZA
PALENCIA,157,SALDA�A
PALENCIA,158,SALINAS DE PISUERGA
PALENCIA,159,SAN CEBRI�N DE CAMPOS
PALENCIA,160,SAN CEBRI�N DE MUD�
PALENCIA,161,SAN CRIST�BAL DE BOEDO
PALENCIA,163,SAN MAM�S DE CAMPOS
PALENCIA,165,SAN ROM�N DE LA CUBA
PALENCIA,167,SANTA CECILIA DEL ALCOR
PALENCIA,168,SANTA CRUZ DE BOEDO
PALENCIA,169,SANTERV�S DE LA VEGA
PALENCIA,170,SANTIB��EZ DE ECLA
PALENCIA,171,SANTIB��EZ DE LA PE�A
PALENCIA,174,SANTOYO
PALENCIA,175,LA SERNA
PALENCIA,176,SOTOBA�ADO Y PRIORATO
PALENCIA,177,SOTO DE CERRATO
PALENCIA,178,TABANERA DE CERRATO
PALENCIA,179,TABANERA DE VALDAVIA
PALENCIA,180,T�MARA DE CAMPOS
PALENCIA,181,TARIEGO DE CERRATO
PALENCIA,182,TORQUEMADA
PALENCIA,184,TORREMORMOJON
PALENCIA,185,TRIOLLO
PALENCIA,186,VALBUENA DE PISUERGA
PALENCIA,189,VALDEOLMILLOS
PALENCIA,190,VALDERR�BANO
PALENCIA,192,VALDE-UCIEZA
PALENCIA,196,VALLE DE CERRATO
PALENCIA,199,VELILLA DEL R�O CARRI�N
PALENCIA,201,VERTAVILLO
PALENCIA,202,VILLABASTA DE VALDAVIA
PALENCIA,204,VILLACIDALER
PALENCIA,205,VILLACONANCIO
PALENCIA,206,VILLADA
PALENCIA,208,VILLAELES DE VALDAVIA
PALENCIA,210,VILLAHAN
PALENCIA,211,VILLAHERREROS
PALENCIA,213,VILLALACO
PALENCIA,214,VILLALBA DE GUARDO
PALENCIA,215,VILLALC�ZAR DE SIRGA
PALENCIA,216,VILLALC�N
PALENCIA,217,VILLALOBON
PALENCIA,218,VILLALUENGA DE LA VEGA
PALENCIA,220,VILLAMART�N DE CAMPOS
PALENCIA,221,VILLAMEDIANA
PALENCIA,222,VILLAMERIEL
PALENCIA,223,VILLAMORONTA
PALENCIA,224,VILLAMUERA DE LA CUEZA
PALENCIA,225,VILLAMURIEL DE CERRATO
PALENCIA,227,VILLANUEVA DEL REBOLLAR
PALENCIA,228,VILLANU�O DE VALDAVIA
PALENCIA,229,VILLAPROVEDO
PALENCIA,230,VILLARMENTERO DE CAMPOS
PALENCIA,231,VILLARRAB�
PALENCIA,232,VILLARRAMIEL
PALENCIA,233,VILLASARRACINO
PALENCIA,234,VILLASILA DE VALDAVIA
PALENCIA,236,VILLATURDE
PALENCIA,237,VILLAUMBRALES
PALENCIA,238,VILLAVIUDAS
PALENCIA,240,VILLER�AS DE CAMPOS
PALENCIA,241,VILLODRE
PALENCIA,242,VILLODRIGO
PALENCIA,243,VILLOLDO
PALENCIA,245,VILLOTA DEL P�RAMO
PALENCIA,246,VILLOVIECO
PALENCIA,901,OSORNO LA MAYOR
PALENCIA,902,VALLE DEL RETORTILLO
PALENCIA,903,LOMA DE UCIEZA
PALENCIA,904,LA PERN�A
SALAMANCA,1,ABUSEJO
SALAMANCA,2,AGALLAS
SALAMANCA,3,AHIGAL DE LOS ACEITEROS
SALAMANCA,4,AHIGAL DE VILLARINO
SALAMANCA,5,LA ALAMEDA DE GARD�N
SALAMANCA,6,LA ALAMEDILLA
SALAMANCA,7,ALARAZ
SALAMANCA,8,ALBA DE TORMES
SALAMANCA,9,ALBA DE YELTES
SALAMANCA,10,LA ALBERCA
SALAMANCA,11,LA ALBERGUERIA DE ARGA�AN
SALAMANCA,12,ALCONADA
SALAMANCA,13,ALDEACIPRESTE
SALAMANCA,14,ALDEADAVILA DE LA RIBERA
SALAMANCA,15,ALDEA DEL OBISPO
SALAMANCA,16,ALDEALENGUA
SALAMANCA,17,ALDEANUEVA DE FIGUEROA
SALAMANCA,18,ALDEANUEVA DE LA SIERRA
SALAMANCA,19,ALDEARRODRIGO
SALAMANCA,20,ALDEARRUBIA
SALAMANCA,21,ALDEASECA DE ALBA
SALAMANCA,22,ALDEASECA DE LA FRONTERA
SALAMANCA,23,ALDEATEJADA
SALAMANCA,24,ALDEAVIEJA DE TORMES
SALAMANCA,25,ALDEHUELA DE LA B�VEDA
SALAMANCA,26,ALDEHUELA DE YELTES
SALAMANCA,27,ALMENARA DE TORMES
SALAMANCA,28,ALMENDRA
SALAMANCA,29,ANAYA DE ALBA
SALAMANCA,30,A�OVER DE TORMES
SALAMANCA,31,ARABAYONA DE MOGICA
SALAMANCA,32,ARAPILES
SALAMANCA,33,ARCEDIANO
SALAMANCA,34,EL ARCO
SALAMANCA,35,ARMENTEROS
SALAMANCA,36,SAN MIGUEL DEL ROBLEDO
SALAMANCA,37,LA ATALAYA
SALAMANCA,38,BABILAFUENTE
SALAMANCA,39,BA�OB��EZ
SALAMANCA,40,BARBADILLO
SALAMANCA,41,BARBALOS
SALAMANCA,42,BARCEO
SALAMANCA,44,BARRUECOPARDO
SALAMANCA,45,LA BASTIDA
SALAMANCA,46,B�JAR
SALAMANCA,47,BELE�A
SALAMANCA,49,BERMELLAR
SALAMANCA,50,BERROCAL DE HUEBRA
SALAMANCA,51,BERROCAL DE SALVATIERRA
SALAMANCA,52,BOADA
SALAMANCA,54,EL BODON
SALAMANCA,55,BOGAJO
SALAMANCA,56,LA BOUZA
SALAMANCA,57,BOVEDA DEL RIO ALMAR
SALAMANCA,58,BRINCONES
SALAMANCA,59,BUENAMADRE
SALAMANCA,60,BUENAVISTA
SALAMANCA,61,EL CABACO
SALAMANCA,62,CABEZABELLOSA DE LA CALZADA
SALAMANCA,63,LA CABEZA DE B�JAR
SALAMANCA,65,CABEZA DEL CABALLO
SALAMANCA,67,CABRERIZOS
SALAMANCA,68,CABRILLAS
SALAMANCA,69,CALVARRASA DE ABAJO
SALAMANCA,70,CALVARRASA DE ARRIBA
SALAMANCA,71,LA CALZADA DE BEJAR
SALAMANCA,72,CALZADA DE DON DIEGO
SALAMANCA,73,CALZADA DE VALDUNCIEL
SALAMANCA,74,CAMPILLO DE AZABA
SALAMANCA,77,EL CAMPO DE PE�ARANDA
SALAMANCA,78,CANDELARIO
SALAMANCA,79,CANILLAS DE ABAJO
SALAMANCA,80,CANTAGALLO
SALAMANCA,81,CANTALAPIEDRA
SALAMANCA,82,CANTALPINO
SALAMANCA,83,CANTARACILLO
SALAMANCA,85,CARBAJOSA DE LA SAGRADA
SALAMANCA,86,CARPIO DE AZABA
SALAMANCA,87,CARRASCAL DE BARREGAS
SALAMANCA,88,CARRASCAL DEL OBISPO
SALAMANCA,89,CASAFRANCA
SALAMANCA,90,LAS CASAS DEL CONDE
SALAMANCA,91,CASILLAS DE FLORES
SALAMANCA,92,CASTELLANOS DE MORISCOS
SALAMANCA,96,CASTILLEJO DE MART�N VIEJO
SALAMANCA,97,CASTRAZ
SALAMANCA,98,CEPEDA
SALAMANCA,99,CERECEDA DE LA SIERRA
SALAMANCA,100,CEREZAL DE PE�AHORCADA
SALAMANCA,101,CERRALBO
SALAMANCA,102,EL CERRO
SALAMANCA,103,CESPEDOSA DE TORMES
SALAMANCA,104,CILLEROS DE LA BASTIDA
SALAMANCA,106,CIP�REZ
SALAMANCA,107,CIUDAD RODRIGO
SALAMANCA,108,COCA DE ALBA
SALAMANCA,109,COLMENAR DE MONTEMAYOR
SALAMANCA,110,CORDOVILLA
SALAMANCA,112,CRIST�BAL
SALAMANCA,113,EL CUBO DE DON SANCHO
SALAMANCA,114,CHAGARC�A MEDIANERO
SALAMANCA,115,DIOS LE GUARDE
SALAMANCA,116,DO�INOS DE LEDESMA
SALAMANCA,117,DO�INOS DE SALAMANCA
SALAMANCA,118,EJEME
SALAMANCA,119,LA ENCINA
SALAMANCA,120,ENCINA DE SAN SILVESTRE
SALAMANCA,121,ENCINAS DE ABAJO
SALAMANCA,122,ENCINAS DE ARRIBA
SALAMANCA,123,ENCINASOLA DE LOS COMENDADORES
SALAMANCA,124,ENDRINAL
SALAMANCA,125,ESCURIAL DE LA SIERRA
SALAMANCA,126,ESPADA�A
SALAMANCA,127,ESPEJA
SALAMANCA,128,ESPINO DE LA ORBADA
SALAMANCA,129,FLORIDA DE LIEBANA
SALAMANCA,130,FORFOLEDA
SALAMANCA,131,FRADES DE LA SIERRA
SALAMANCA,132,LA FREGENEDA
SALAMANCA,133,FRESNEDOSO
SALAMANCA,134,FRESNO ALHANDIGA
SALAMANCA,135,LA FUENTE DE SAN ESTEBAN
SALAMANCA,136,FUENTEGUINALDO
SALAMANCA,137,FUENTELIANTE
SALAMANCA,138,FUENTERROBLE DE SALVATIERRA
SALAMANCA,139,FUENTES DE BEJAR
SALAMANCA,140,FUENTES DE O�ORO
SALAMANCA,141,GAJATES
SALAMANCA,142,GALINDO Y PERAHUY
SALAMANCA,143,GALINDUSTE
SALAMANCA,144,GALISANCHO
SALAMANCA,145,GALLEGOS DE ARGA��N
SALAMANCA,146,GALLEGOS DE SOLMIRON
SALAMANCA,147,GARCIBUEY
SALAMANCA,148,GARCIHERN�NDEZ
SALAMANCA,149,GARCIRREY
SALAMANCA,150,GEJUELO DEL BARRO
SALAMANCA,151,GOLPEJAS
SALAMANCA,152,GOMECELLO
SALAMANCA,154,GUADRAMIRO
SALAMANCA,155,GUIJO DE AVILA
SALAMANCA,156,GUIJUELO
SALAMANCA,157,HERGUIJUELA DE CIUDAD RODRIGO
SALAMANCA,158,HERGUIJUELA DE LA SIERRA
SALAMANCA,159,HERGUIJUELA DEL CAMPO
SALAMANCA,160,HINOJOSA DE DUERO
SALAMANCA,161,HORCAJO DE MONTEMAYOR
SALAMANCA,162,HORCAJO MEDIANERO
SALAMANCA,163,LA HOYA
SALAMANCA,164,HUERTA
SALAMANCA,165,IRUELOS
SALAMANCA,166,ITUERO DE AZABA
SALAMANCA,167,JUZBADO
SALAMANCA,168,LAGUNILLA
SALAMANCA,169,LARRODRIGO
SALAMANCA,170,LEDESMA
SALAMANCA,171,LEDRADA
SALAMANCA,172,LINARES DE RIOFRIO
SALAMANCA,173,LUMBRALES
SALAMANCA,174,MACOTERA
SALAMANCA,175,MACHACON
SALAMANCA,176,MADRO�AL
SALAMANCA,177,EL MA�LLO
SALAMANCA,178,MALPARTIDA
SALAMANCA,179,MANCERA DE ABAJO
SALAMANCA,180,EL MANZANO
SALAMANCA,181,MARTIAGO
SALAMANCA,182,MARTINAMOR
SALAMANCA,183,MART�N DE YELTES
SALAMANCA,184,MASUECO
SALAMANCA,185,CASTELLANOS DE VILLIQUERA
SALAMANCA,186,LA MATA DE LEDESMA
SALAMANCA,187,MATILLA DE LOS CA�OS DEL R�O
SALAMANCA,188,LA MAYA
SALAMANCA,189,MEMBRIBE DE LA SIERRA
SALAMANCA,190,MIEZA
SALAMANCA,191,EL MILANO
SALAMANCA,192,MIRANDA DE AZ�N
SALAMANCA,193,MIRANDA DEL CASTA�AR
SALAMANCA,194,MOGARRAZ
SALAMANCA,195,MOLINILLO
SALAMANCA,196,MONFORTE DE LA SIERRA
SALAMANCA,197,MONLEON
SALAMANCA,198,MONLERAS
SALAMANCA,199,MONSAGRO
SALAMANCA,200,MONTEJO
SALAMANCA,201,MONTEMAYOR DEL R�O
SALAMANCA,202,MONTERRUBIO DE ARMU�A
SALAMANCA,203,MONTERRUBIO DE LA SIERRA
SALAMANCA,204,MORASVERDES
SALAMANCA,205,MORILLE
SALAMANCA,206,MORI�IGO
SALAMANCA,207,MORISCOS
SALAMANCA,208,MORONTA
SALAMANCA,209,MOZARBEZ
SALAMANCA,211,NARROS DE MATALAYEGUA
SALAMANCA,212,NAVACARROS
SALAMANCA,213,NAVA DE B�JAR
SALAMANCA,214,NAVA DE FRANCIA
SALAMANCA,215,NAVA DE SOTROBAL
SALAMANCA,216,NAVALES
SALAMANCA,217,NAVALMORAL DE B�JAR
SALAMANCA,218,NAVAMORALES
SALAMANCA,219,NAVARREDONDA DE LA RINCONADA
SALAMANCA,221,NAVASFR�AS
SALAMANCA,222,NEGRILLA DE PALENCIA
SALAMANCA,223,OLMEDO DE CAMACES
SALAMANCA,224,LA ORBADA
SALAMANCA,225,PAJARES DE LA LAGUNA
SALAMANCA,226,PALACIOS DEL ARZOBISPO
SALAMANCA,228,PALACIOSRUBIOS
SALAMANCA,229,PALENCIA DE NEGRILLA
SALAMANCA,230,PARADA DE ARRIBA
SALAMANCA,231,PARADA DE RUBIALES
SALAMANCA,232,PARADINAS DE SAN JUAN
SALAMANCA,233,PASTORES
SALAMANCA,234,EL PAYO
SALAMANCA,235,PEDRAZA DE ALBA
SALAMANCA,236,PEDROSILLO DE ALBA
SALAMANCA,237,PEDROSILLO DE LOS AIRES
SALAMANCA,238,PEDROSILLO EL RALO
SALAMANCA,239,EL PEDROSO DE LA ARMU�A
SALAMANCA,240,PELABRAVO
SALAMANCA,241,PELARRODR�GUEZ
SALAMANCA,242,PELAYOS
SALAMANCA,243,LA PE�A
SALAMANCA,244,PE�ACABALLERA
SALAMANCA,245,PE�APARDA
SALAMANCA,246,PE�ARANDA DE BRACAMONTE
SALAMANCA,247,PE�ARANDILLA
SALAMANCA,248,PERALEJOS DE ABAJO
SALAMANCA,249,PERALEJOS DE ARRIBA
SALAMANCA,250,PERE�A DE LA RIBERA
SALAMANCA,251,PEROMINGO
SALAMANCA,252,PINEDAS
SALAMANCA,253,EL PINO DE TORMES
SALAMANCA,254,PITIEGUA
SALAMANCA,255,PIZARRAL
SALAMANCA,256,POVEDA DE LAS CINTAS
SALAMANCA,257,POZOS DE HINOJO
SALAMANCA,258,PUEBLA DE AZABA
SALAMANCA,259,PUEBLA DE SAN MEDEL
SALAMANCA,260,PUEBLA DE YELTES
SALAMANCA,261,PUENTE DEL CONGOSTO
SALAMANCA,262,PUERTAS
SALAMANCA,263,PUERTO DE B�JAR
SALAMANCA,264,PUERTO SEGURO
SALAMANCA,265,R�GAMA
SALAMANCA,266,LA REDONDA
SALAMANCA,267,RETORTILLO
SALAMANCA,268,LA RINCONADA DE LA SIERRA
SALAMANCA,269,ROBLEDA
SALAMANCA,270,ROBLIZA DE COJOS
SALAMANCA,271,ROLL�N
SALAMANCA,272,SAELICES EL CHICO
SALAMANCA,273,LA SAGRADA
SALAMANCA,274,SALAMANCA
SALAMANCA,275,SALDEANA
SALAMANCA,276,SALMORAL
SALAMANCA,277,SALVATIERRA DE TORMES
SALAMANCA,278,SAN CRIST�BAL DE LA CUESTA
SALAMANCA,279,SANCTI-SP�RITUS
SALAMANCA,280,SANCHON DE LA RIBERA
SALAMANCA,281,SANCH�N DE LA SAGRADA
SALAMANCA,282,SANCHOTELLO
SALAMANCA,283,SANDO
SALAMANCA,284,SAN ESTEBAN DE LA SIERRA
SALAMANCA,285,SAN FELICES DE LOS GALLEGOS
SALAMANCA,286,SAN MART�N DEL CASTA�AR
SALAMANCA,287,SAN MIGUEL DE VALERO
SALAMANCA,288,SAN MORALES
SALAMANCA,289,SAN MU�OZ
SALAMANCA,290,SAN PEDRO DEL VALLE
SALAMANCA,291,SAN PEDRO DE ROZADOS
SALAMANCA,292,SAN PELAYO DE GUARE�A
SALAMANCA,293,SANTA MARIA DE SANDO
SALAMANCA,294,SANTA MARTA DE TORMES
SALAMANCA,296,SANTIAGO DE LA PUEBLA
SALAMANCA,297,SANTIBA�EZ DE BEJAR
SALAMANCA,298,SANTIB��EZ DE LA SIERRA
SALAMANCA,299,SANTIZ
SALAMANCA,300,LOS SANTOS
SALAMANCA,301,SARDON DE LOS FRAILES
SALAMANCA,302,SAUCELLE
SALAMANCA,303,EL SAHUGO
SALAMANCA,304,SEPULCRO-HILARIO
SALAMANCA,305,SEQUEROS
SALAMANCA,306,SERRADILLA DEL ARROYO
SALAMANCA,307,SERRADILLA DEL LLANO
SALAMANCA,309,LA SIERPE
SALAMANCA,310,SIETEIGLESIAS DE TORMES
SALAMANCA,311,SOBRADILLO
SALAMANCA,312,SORIHUELA
SALAMANCA,313,SOTOSERRANO
SALAMANCA,314,TABERA DE ABAJO
SALAMANCA,315,LA TALA
SALAMANCA,316,TAMAMES
SALAMANCA,317,TARAZONA DE GUARE�A
SALAMANCA,318,TARDAGUILA
SALAMANCA,319,EL TEJADO
SALAMANCA,320,TEJEDA Y SEGOYUELA
SALAMANCA,321,TENEBR�N
SALAMANCA,322,TERRADILLOS
SALAMANCA,323,TOPAS
SALAMANCA,324,TORDILLOS
SALAMANCA,325,EL TORNADIZO
SALAMANCA,327,TORRESMENUDAS
SALAMANCA,328,TRABANCA
SALAMANCA,329,TREMEDAL DE TORMES
SALAMANCA,330,VALDECARROS
SALAMANCA,331,VALDEFUENTES DE SANGUSIN
SALAMANCA,332,VALDEHIJADEROS
SALAMANCA,333,VALDELACASA
SALAMANCA,334,VALDELAGEVE
SALAMANCA,335,VALDELOSA
SALAMANCA,336,VALDEMIERQUE
SALAMANCA,337,VALDERRODRIGO
SALAMANCA,338,VALDUNCIEL
SALAMANCA,339,VALERO
SALAMANCA,340,VALSALABROSO
SALAMANCA,341,VALVERDE DE VALDELACASA
SALAMANCA,342,VALVERD�N
SALAMANCA,343,VALLEJERA DE RIOFRIO
SALAMANCA,344,VECINOS
SALAMANCA,345,VEGA DE TIRADOS
SALAMANCA,346,LAS VEGUILLAS
SALAMANCA,347,LA VELLES
SALAMANCA,348,VENTOSA DEL RIO ALMAR
SALAMANCA,349,LA V�DOLA
SALAMANCA,350,VILVESTRE
SALAMANCA,351,VILLAFLORES
SALAMANCA,352,VILLAGONZALO DE TORMES
SALAMANCA,353,VILLALBA DE LOS LLANOS
SALAMANCA,354,VILLAMAYOR
SALAMANCA,355,VILLANUEVA DEL CONDE
SALAMANCA,356,VILLAR DE ARGA�AN
SALAMANCA,357,VILLAR DE CIERVO
SALAMANCA,358,VILLAR DE GALLIMAZO
SALAMANCA,359,VILLAR DE LA YEGUA
SALAMANCA,360,VILLAR DE PERALONSO
SALAMANCA,361,VILLAR DE SAMANIEGO
SALAMANCA,362,VILLARES DE LA REINA
SALAMANCA,363,VILLARES DE YELTES
SALAMANCA,364,VILLARINO DE LOS AIRES
SALAMANCA,365,VILLARMAYOR
SALAMANCA,366,VILLARMUERTO
SALAMANCA,367,VILLASBUENAS
SALAMANCA,368,VILLASDARDO
SALAMANCA,369,VILLASECO DE LOS GAMITOS
SALAMANCA,370,VILLASECO DE LOS REYES
SALAMANCA,371,VILLASRUBIAS
SALAMANCA,372,VILLAVERDE DE GUARE�A
SALAMANCA,373,VILLAVIEJA DE YELTES
SALAMANCA,374,VILLORIA
SALAMANCA,375,VILLORUELA
SALAMANCA,376,VITIGUDINO
SALAMANCA,377,YECLA DE YELTES
SALAMANCA,378,ZAMARRA
SALAMANCA,379,ZAMAYON
SALAMANCA,380,ZARAPICOS
SALAMANCA,381,LA ZARZA DE PUMAREDA
SALAMANCA,382,ZORITA DE LA FRONTERA
SEGOVIA,1,ABADES
SEGOVIA,2,ADRADA DE PIR�N
SEGOVIA,3,ADRADOS
SEGOVIA,4,AGUILAFUENTE
SEGOVIA,5,ALCONADA DE MADERUELO
SEGOVIA,6,ALDEALCORVO
SEGOVIA,7,ALDEALENGUA DE PEDRAZA
SEGOVIA,8,ALDEALENGUA DE SANTA MARIA
SEGOVIA,9,ALDEANUEVA DE LA SERREZUELA
SEGOVIA,10,ALDEANUEVA DEL CODONAL
SEGOVIA,12,ALDEA REAL
SEGOVIA,13,ALDEASO�A
SEGOVIA,14,ALDEHORNO
SEGOVIA,15,ALDEHUELA DEL CODONAL
SEGOVIA,16,ALDEONTE
SEGOVIA,17,ANAYA
SEGOVIA,18,A�E
SEGOVIA,19,ARAHUETES
SEGOVIA,20,ARCONES
SEGOVIA,21,AREVALILLO DE CEGA
SEGOVIA,22,ARMU�A
SEGOVIA,24,AYLL�N
SEGOVIA,25,BARBOLLA
SEGOVIA,26,BASARDILLA
SEGOVIA,28,BERCIAL
SEGOVIA,29,BERCIMUEL
SEGOVIA,30,BERNARDOS
SEGOVIA,31,BERN�Y DE PORREROS
SEGOVIA,32,BOCEGUILLAS
SEGOVIA,33,BRIEVA
SEGOVIA,34,CABALLAR
SEGOVIA,35,CABA�AS DE POLENDOS
SEGOVIA,36,CABEZUELA
SEGOVIA,37,CALABAZAS DE FUENTIDUE�A
SEGOVIA,39,CAMPO DE SAN PEDRO
SEGOVIA,40,CANTALEJO
SEGOVIA,41,CANTIMPALOS
SEGOVIA,43,CARBONERO EL MAYOR
SEGOVIA,44,CARRASCAL DEL R�O
SEGOVIA,45,CASLA
SEGOVIA,46,CASTILLEJO DE MESLEON
SEGOVIA,47,CASTRO DE FUENTIDUE�A
SEGOVIA,48,CASTROJIMENO
SEGOVIA,49,CASTROSERNA DE ABAJO
SEGOVIA,51,CASTROSERRACIN
SEGOVIA,52,CEDILLO DE LA TORRE
SEGOVIA,53,CEREZO DE ABAJO
SEGOVIA,54,CEREZO DE ARRIBA
SEGOVIA,55,CILLERUELO DE SAN MAMES
SEGOVIA,56,COBOS DE FUENTIDUE�A
SEGOVIA,57,COCA
SEGOVIA,58,CODORNIZ
SEGOVIA,59,COLLADO HERMOSO
SEGOVIA,60,CONDADO DE CASTILNOVO
SEGOVIA,61,CORRAL DE AYLLON
SEGOVIA,62,CUBILLO
SEGOVIA,63,CU�LLAR
SEGOVIA,65,CHA�E
SEGOVIA,68,DOMINGO GARCIA
SEGOVIA,69,DONHIERRO
SEGOVIA,70,DURUELO
SEGOVIA,71,ENCINAS
SEGOVIA,72,ENCINILLAS
SEGOVIA,73,ESCALONA DEL PRADO
SEGOVIA,74,ESCARABAJOSA DE CABEZAS
SEGOVIA,75,ESCOBAR DE POLENDOS
SEGOVIA,76,EL ESPINAR
SEGOVIA,77,ESPIRDO
SEGOVIA,78,FRESNEDA DE CUELLAR
SEGOVIA,79,FRESNO DE CANTESPINO
SEGOVIA,80,FRESNO DE LA FUENTE
SEGOVIA,81,FRUMALES
SEGOVIA,82,FUENTE DE SANTA CRUZ
SEGOVIA,83,FUENTE EL OLMO DE FUENTIDUE�A
SEGOVIA,84,FUENTE EL OLMO DE ISCAR
SEGOVIA,86,FUENTEPELAYO
SEGOVIA,87,FUENTEPI�EL
SEGOVIA,88,FUENTERREBOLLO
SEGOVIA,89,FUENTESA�CO DE FUENTIDUE�A
SEGOVIA,91,FUENTESOTO
SEGOVIA,92,FUENTIDUE�A
SEGOVIA,93,GALLEGOS
SEGOVIA,94,GARCILLAN
SEGOVIA,95,GOMEZSERRAC�N
SEGOVIA,97,GRAJERA
SEGOVIA,99,HONRUBIA DE LA CUESTA
SEGOVIA,100,HONTALBILLA
SEGOVIA,101,HONTANARES DE ERESMA
SEGOVIA,103,LOS HUERTOS
SEGOVIA,104,ITUERO Y LAMA
SEGOVIA,105,JUARROS DE RIOMOROS
SEGOVIA,106,JUARROS DE VOLTOYA
SEGOVIA,107,LABAJOS
SEGOVIA,108,LAGUNA DE CONTRERAS
SEGOVIA,109,LANGUILLA
SEGOVIA,110,LASTRAS DE CU�LLAR
SEGOVIA,111,LASTRAS DEL POZO
SEGOVIA,112,LA LASTRILLA
SEGOVIA,113,LA LOSA
SEGOVIA,115,MADERUELO
SEGOVIA,118,MARAZUELA
SEGOVIA,119,MART�N MIGUEL
SEGOVIA,120,MART�N MU�OZ DE LA DEHESA
SEGOVIA,121,MART�N MU�OZ DE LAS POSADAS
SEGOVIA,122,MARUGAN
SEGOVIA,123,MATABUENA
SEGOVIA,124,MATA DE CU�LLAR
SEGOVIA,125,LA MATILLA
SEGOVIA,126,MELQUE DE CERCOS
SEGOVIA,127,MEMBIBRE DE LA HOZ
SEGOVIA,128,MIGUELA�EZ
SEGOVIA,129,MONTEJO DE AREVALO
SEGOVIA,130,MONTEJO DE LA VEGA DE LA SERREZUELA
SEGOVIA,131,MONTERRUBIO
SEGOVIA,132,MORAL DE HORNUEZ
SEGOVIA,134,MOZONCILLO
SEGOVIA,135,MU�OPEDRO
SEGOVIA,136,MU�OVEROS
SEGOVIA,138,NAVA DE LA ASUNCI�N
SEGOVIA,139,NAVAFR�A
SEGOVIA,140,NAVALILLA
SEGOVIA,141,NAVALMANZANO
SEGOVIA,142,NAVARES DE AYUSO
SEGOVIA,143,NAVARES DE ENMEDIO
SEGOVIA,144,NAVARES DE LAS CUEVAS
SEGOVIA,145,NAVAS DE ORO
SEGOVIA,146,NAVAS DE SAN ANTONIO
SEGOVIA,148,NIEVA
SEGOVIA,149,OLOMBRADA
SEGOVIA,150,OREJANA
SEGOVIA,151,ORTIGOSA DE PESTA�O
SEGOVIA,152,OTERO DE HERREROS
SEGOVIA,154,PAJAREJOS
SEGOVIA,155,PALAZUELOS DE ERESMA
SEGOVIA,156,PEDRAZA
SEGOVIA,157,PELAYOS DEL ARROYO
SEGOVIA,158,PEROSILLO
SEGOVIA,159,PINAREJOS
SEGOVIA,160,PINARNEGRILLO
SEGOVIA,161,PRADALES
SEGOVIA,162,PR�DENA
SEGOVIA,163,PUEBLA DE PEDRAZA
SEGOVIA,164,RAPARIEGOS
SEGOVIA,165,REBOLLO
SEGOVIA,166,REMONDO
SEGOVIA,168,RIAGUAS DE SAN BARTOLOM�
SEGOVIA,170,RIAZA
SEGOVIA,171,RIBOTA
SEGOVIA,172,RIOFRIO DE RIAZA
SEGOVIA,173,RODA DE ERESMA
SEGOVIA,174,SACRAMENIA
SEGOVIA,176,SAMBOAL
SEGOVIA,177,SAN CRIST�BAL DE CU�LLAR
SEGOVIA,178,SAN CRISTOBAL DE LA VEGA
SEGOVIA,179,SANCHONU�O
SEGOVIA,180,SANGARC�A
SEGOVIA,181,SAN ILDEFONSO
SEGOVIA,182,SAN MART�N Y MUDRI�N
SEGOVIA,183,SAN MIGUEL DE BERN�Y
SEGOVIA,184,SAN PEDRO DE GA�LLOS
SEGOVIA,185,SANTA MAR�A LA REAL DE NIEVA
SEGOVIA,186,SANTA MARTA DEL CERRO
SEGOVIA,188,SANTIUSTE DE PEDRAZA
SEGOVIA,189,SANTIUSTE DE SAN JUAN BAUTISTA
SEGOVIA,190,SANTO DOMINGO DE PIR�N
SEGOVIA,191,SANTO TOME DEL PUERTO
SEGOVIA,192,SAUQUILLO DE CABEZAS
SEGOVIA,193,SEB�LCOR
SEGOVIA,194,SEGOVIA
SEGOVIA,195,SEP�LVEDA
SEGOVIA,196,SEQUERA DE FRESNO
SEGOVIA,198,SOTILLO
SEGOVIA,199,SOTOSALBOS
SEGOVIA,200,TABANERA LA LUENGA
SEGOVIA,201,TOLOCIRIO
SEGOVIA,202,TORREADRADA
SEGOVIA,203,TORRECABALLEROS
SEGOVIA,204,TORRECILLA DEL PINAR
SEGOVIA,205,TORREIGLESIAS
SEGOVIA,206,TORRE VAL DE SAN PEDRO
SEGOVIA,207,TRESCASAS
SEGOVIA,208,TUR�GANO
SEGOVIA,210,URUE�AS
SEGOVIA,211,VALDEPRADOS
SEGOVIA,212,VALDEVACAS DE MONTEJO
SEGOVIA,213,VALDEVACAS Y GUIJAR
SEGOVIA,214,VALSECA
SEGOVIA,215,VALTIENDAS
SEGOVIA,216,VALVERDE DEL MAJANO
SEGOVIA,218,VALLE DE TABLADILLO
SEGOVIA,219,VALLELADO
SEGOVIA,220,VALLERUELA DE PEDRAZA
SEGOVIA,221,VALLERUELA DE SEPULVEDA
SEGOVIA,222,VEGANZONES
SEGOVIA,223,VEGAS DE MATUTE
SEGOVIA,224,VENTOSILLA Y TEJADILLA
SEGOVIA,225,VILLACAST�N
SEGOVIA,228,VILLAVERDE DE ISCAR
SEGOVIA,229,VILLAVERDE DE MONTEJO
SEGOVIA,230,VILLEGUILLO
SEGOVIA,231,YANGUAS DE ERESMA
SEGOVIA,233,ZARZUELA DEL MONTE
SEGOVIA,234,ZARZUELA DEL PINAR
SEGOVIA,901,ORTIGOSA DEL MONTE
SEGOVIA,902,COZUELOS DE FUENTIDUE�A
SEGOVIA,903,MARAZOLEJA
SEGOVIA,904,NAVAS DE RIOFR�O
SEGOVIA,905,CUEVAS DE PROVANCO
SEGOVIA,906,SAN CRISTOBAL DE SEGOVIA
SORIA,1,ABEJAR
SORIA,3,ADRADAS
SORIA,4,AGREDA
SORIA,6,ALCONABA
SORIA,7,ALCUBILLA DE AVELLANEDA
SORIA,8,ALCUBILLA DE LAS PE�AS
SORIA,9,ALDEALAFUENTE
SORIA,10,ALDEALICES
SORIA,11,ALDEALPOZO
SORIA,12,ALDEALSE�OR
SORIA,13,ALDEHUELA DE PERI��EZ
SORIA,14,LAS ALDEHUELAS
SORIA,15,ALENTISQUE
SORIA,16,ALIUD
SORIA,17,ALMAJANO
SORIA,18,ALMALUEZ
SORIA,19,ALMARZA
SORIA,20,ALMAZ�N
SORIA,21,ALMAZUL
SORIA,22,ALMENAR DE SORIA
SORIA,23,ALPANSEQUE
SORIA,24,ARANC�N
SORIA,25,ARCOS DE JAL�N
SORIA,26,ARENILLAS
SORIA,27,AR�VALO DE LA SIERRA
SORIA,28,AUSEJO DE LA SIERRA
SORIA,29,BARAONA
SORIA,30,BARCA
SORIA,31,BARCONES
SORIA,32,BAYUBAS DE ABAJO
SORIA,33,BAYUBAS DE ARRIBA
SORIA,34,BERATON
SORIA,35,BERLANGA DE DUERO
SORIA,36,BLACOS
SORIA,37,BLIECOS
SORIA,38,BORJABAD
SORIA,39,BOROBIA
SORIA,41,BUBEROS
SORIA,42,BUITRAGO
SORIA,43,BURGO DE OSMA-CIUDAD DE OSMA
SORIA,44,CABREJAS DEL CAMPO
SORIA,45,CABREJAS DEL PINAR
SORIA,46,CALATA�AZOR
SORIA,48,CALTOJAR
SORIA,49,CANDILICHERA
SORIA,50,CA�AMAQUE
SORIA,51,CARABANTES
SORIA,52,CARACENA
SORIA,53,CARRASCOSA DE ABAJO
SORIA,54,CARRASCOSA DE LA SIERRA
SORIA,55,CASAREJOS
SORIA,56,CASTILFRIO DE LA SIERRA
SORIA,57,CASTILRUIZ
SORIA,58,CASTILLEJO DE ROBLEDO
SORIA,59,CENTENERA DE ANDALUZ
SORIA,60,CERB�N
SORIA,61,CIDONES
SORIA,62,CIGUDOSA
SORIA,63,CIHUELA
SORIA,64,CIRIA
SORIA,65,CIRUJALES DEL R�O
SORIA,68,COSCURITA
SORIA,69,COVALEDA
SORIA,70,CUBILLA
SORIA,71,CUBO DE LA SOLANA
SORIA,73,CUEVA DE AGREDA
SORIA,75,D�VANOS
SORIA,76,DEZA
SORIA,78,DURUELO DE LA SIERRA
SORIA,79,ESCOBOSA DE ALMAZ�N
SORIA,80,ESPEJA DE SAN MARCELINO
SORIA,81,ESPEJ�N
SORIA,82,ESTEPA DE SAN JUAN
SORIA,83,FRECHILLA DE ALMAZAN
SORIA,84,FRESNO DE CARACENA
SORIA,85,FUENTEARMEGIL
SORIA,86,FUENTECAMBR�N
SORIA,87,FUENTECANTOS
SORIA,88,FUENTELMONGE
SORIA,89,FUENTELSAZ DE SORIA
SORIA,90,FUENTEPINILLA
SORIA,92,FUENTES DE MAGA�A
SORIA,93,FUENTESTRUN
SORIA,94,GARRAY
SORIA,95,GOLMAYO
SORIA,96,G�MARA
SORIA,97,GORMAZ
SORIA,98,HERRERA DE SORIA
SORIA,100,HINOJOSA DEL CAMPO
SORIA,103,LANGA DE DUERO
SORIA,105,LICERAS
SORIA,106,LA LOSILLA
SORIA,107,MAGA�A
SORIA,108,MAJAN
SORIA,110,MATALEBRERAS
SORIA,111,MATAMALA DE ALMAZAN
SORIA,113,MEDINACELI
SORIA,115,MI�O DE MEDINACELI
SORIA,116,MI�O DE SAN ESTEBAN
SORIA,117,MOLINOS DE DUERO
SORIA,118,MOMBLONA
SORIA,119,MONTEAGUDO DE LAS VICAR�AS
SORIA,120,MONTEJO DE TIERMES
SORIA,121,MONTENEGRO DE CAMEROS
SORIA,123,MOR�N DE ALMAZ�N
SORIA,124,MURIEL DE LA FUENTE
SORIA,125,MURIEL VIEJO
SORIA,127,NAFR�A DE UCERO
SORIA,128,NARROS
SORIA,129,NAVALENO
SORIA,130,NEPAS
SORIA,131,NOLAY
SORIA,132,NOVIERCAS
SORIA,134,OLVEGA
SORIA,135,ONCALA
SORIA,139,PINILLA DEL CAMPO
SORIA,140,PORTILLO DE SORIA
SORIA,141,LA POVEDA DE SORIA
SORIA,142,POZALMURO
SORIA,144,QUINTANA REDONDA
SORIA,145,QUINTANAS DE GORMAZ
SORIA,148,QUI�ONERIA
SORIA,149,LOS R�BANOS
SORIA,151,REBOLLAR
SORIA,152,RECUERDA
SORIA,153,RELLO
SORIA,154,RENIEBLAS
SORIA,155,RETORTILLO DE SORIA
SORIA,156,REZNOS
SORIA,157,LA RIBA DE ESCALOTE
SORIA,158,RIOSECO DE SORIA
SORIA,159,ROLLAMIENTA
SORIA,160,EL ROYO
SORIA,161,SALDUERO
SORIA,162,SAN ESTEBAN DE GORMAZ
SORIA,163,SAN FELICES
SORIA,164,SAN LEONARDO DE YAGUE
SORIA,165,SAN PEDRO MANRIQUE
SORIA,166,SANTA CRUZ DE YANGUAS
SORIA,167,SANTA MAR�A DE HUERTA
SORIA,168,SANTA MARIA DE LAS HOYAS
SORIA,171,SER�N DE N�GIMA
SORIA,172,SOLIEDRA
SORIA,173,SORIA
SORIA,174,SOTILLO DEL RINCON
SORIA,175,SUELLACABRAS
SORIA,176,TAJAHUERCE
SORIA,177,TAJUECO
SORIA,178,TALVEILA
SORIA,181,TARDELCUENDE
SORIA,182,TARODA
SORIA,183,TEJADO
SORIA,184,TORLENGUA
SORIA,185,TORREBLACOS
SORIA,187,TORRUBIA DE SORIA
SORIA,188,TREVAGO
SORIA,189,UCERO
SORIA,190,VADILLO
SORIA,191,VALDEAVELLANO DE TERA
SORIA,192,VALDEGE�A
SORIA,193,VALDELAGUA DEL CERRO
SORIA,194,VALDEMALUQUE
SORIA,195,VALDENEBRO
SORIA,196,VALDEPRADO
SORIA,197,VALDERRODILLA
SORIA,198,VALTAJEROS
SORIA,200,VELAMAZ�N
SORIA,201,VELILLA DE LA SIERRA
SORIA,202,VELILLA DE LOS AJOS
SORIA,204,VIANA DE DUERO
SORIA,205,VILLACIERVOS
SORIA,206,VILLANUEVA DE GORMAZ
SORIA,207,VILLAR DEL ALA
SORIA,208,VILLAR DEL CAMPO
SORIA,209,VILLAR DEL R�O
SORIA,211,LOS VILLARES DE SORIA
SORIA,212,VILLASAYAS
SORIA,213,VILLASECA DE ARCIEL
SORIA,215,VINUESA
SORIA,216,VIZMANOS
SORIA,217,VOZMEDIANO
SORIA,218,YANGUAS
SORIA,219,YELO
VALLADOLID,1,ADALIA
VALLADOLID,2,AGUASAL
VALLADOLID,3,AGUILAR DE CAMPOS
VALLADOLID,4,ALAEJOS
VALLADOLID,5,ALCAZAR�N
VALLADOLID,6,ALDEA DE SAN MIGUEL
VALLADOLID,7,ALDEAMAYOR DE SAN MARTIN
VALLADOLID,8,ALMENARA DE ADAJA
VALLADOLID,9,AMUSQUILLO
VALLADOLID,10,ARROYO DE LA ENCOMIENDA
VALLADOLID,11,ATAQUINES
VALLADOLID,12,BAHAB�N
VALLADOLID,13,BARCIAL DE LA LOMA
VALLADOLID,14,BARRUELO DEL VALLE
VALLADOLID,15,BECILLA DE VALDERADUEY
VALLADOLID,16,BENAFARCES
VALLADOLID,17,BERCERO
VALLADOLID,18,BERCERUELO
VALLADOLID,19,BERRUECES
VALLADOLID,20,BOBADILLA DEL CAMPO
VALLADOLID,21,BOCIGAS
VALLADOLID,22,BOCOS DE DUERO
VALLADOLID,23,BOECILLO
VALLADOLID,24,BOLA�OS DE CAMPOS
VALLADOLID,25,BRAHOJOS DE MEDINA
VALLADOLID,26,BUSTILLO DE CHAVES
VALLADOLID,27,CABEZON DE PISUERGA
VALLADOLID,28,CABEZ�N DE VALDERADUEY
VALLADOLID,29,CABREROS DEL MONTE
VALLADOLID,30,CAMPASPERO
VALLADOLID,31,EL CAMPILLO
VALLADOLID,32,CAMPORREDONDO
VALLADOLID,33,CANALEJAS DE PE�AFIEL
VALLADOLID,34,CANILLAS DE ESGUEVA
VALLADOLID,35,CARPIO
VALLADOLID,36,CASASOLA DE ARION
VALLADOLID,37,CASTREJON DE TRABANCOS
VALLADOLID,38,CASTRILLO DE DUERO
VALLADOLID,39,CASTRILLO-TEJERIEGO
VALLADOLID,40,CASTROBOL
VALLADOLID,41,CASTRODEZA
VALLADOLID,42,CASTROMEMBIBRE
VALLADOLID,43,CASTROMONTE
VALLADOLID,44,CASTRONUEVO DE ESGUEVA
VALLADOLID,45,CASTRONU�O
VALLADOLID,46,CASTROPONCE
VALLADOLID,47,CASTROVERDE DE CERRATO
VALLADOLID,48,CEINOS DE CAMPOS
VALLADOLID,49,CERVILLEGO DE LA CRUZ
VALLADOLID,50,CIGALES
VALLADOLID,51,CIGU�UELA
VALLADOLID,52,CIST�RNIGA
VALLADOLID,53,COGECES DE ISCAR
VALLADOLID,54,COGECES DEL MONTE
VALLADOLID,55,CORCOS
VALLADOLID,56,CORRALES DE DUERO
VALLADOLID,57,CUBILLAS DE SANTA MARTA
VALLADOLID,58,CUENCA DE CAMPOS
VALLADOLID,59,CURIEL DE DUERO
VALLADOLID,60,ENCINAS DE ESGUEVA
VALLADOLID,61,ESGUEVILLAS DE ESGUEVA
VALLADOLID,62,FOMBELLIDA
VALLADOLID,63,FOMPEDRAZA
VALLADOLID,64,FONTIHOYUELO
VALLADOLID,65,FRESNO EL VIEJO
VALLADOLID,66,FUENSALDA�A
VALLADOLID,67,FUENTE EL SOL
VALLADOLID,68,FUENTE-OLMEDO
VALLADOLID,69,GALLEGOS DE HORNIJA
VALLADOLID,70,GAT�N DE CAMPOS
VALLADOLID,71,GERIA
VALLADOLID,73,HERR�N DE CAMPOS
VALLADOLID,74,HORNILLOS DE ERESMA
VALLADOLID,75,ISCAR
VALLADOLID,76,LAGUNA DE DUERO
VALLADOLID,77,LANGAYO
VALLADOLID,78,LOMOVIEJO
VALLADOLID,79,LLANO DE OLMEDO
VALLADOLID,80,MANZANILLO
VALLADOLID,81,MARZALES
VALLADOLID,82,MATAPOZUELOS
VALLADOLID,83,MATILLA DE LOS CA�OS
VALLADOLID,84,MAYORGA
VALLADOLID,85,MEDINA DEL CAMPO
VALLADOLID,86,MEDINA DE RIOSECO
VALLADOLID,87,MEGECES
VALLADOLID,88,MELGAR DE ABAJO
VALLADOLID,89,MELGAR DE ARRIBA
VALLADOLID,90,MOJADOS
VALLADOLID,91,MONASTERIO DE VEGA
VALLADOLID,92,MONTEALEGRE DE CAMPOS
VALLADOLID,93,MONTEMAYOR DE PILILLA
VALLADOLID,94,MORAL DE LA REINA
VALLADOLID,95,MORALEJA DE LAS PANADERAS
VALLADOLID,96,MORALES DE CAMPOS
VALLADOLID,97,MOTA DEL MARQU�S
VALLADOLID,98,MUCIENTES
VALLADOLID,99,LA MUDARRA
VALLADOLID,100,MURIEL
VALLADOLID,101,NAVA DEL REY
VALLADOLID,102,NUEVA VILLA DE LAS TORRES
VALLADOLID,103,OLIVARES DE DUERO
VALLADOLID,104,OLMEDO
VALLADOLID,105,OLMOS DE ESGUEVA
VALLADOLID,106,OLMOS DE PE�AFIEL
VALLADOLID,109,PALAZUELO DE VEDIJA
VALLADOLID,110,LA PARRILLA
VALLADOLID,111,LA PEDRAJA DE PORTILLO
VALLADOLID,112,PEDRAJAS DE SAN ESTEBAN
VALLADOLID,113,PEDROSA DEL REY
VALLADOLID,114,PE�AFIEL
VALLADOLID,115,PE�AFLOR DE HORNIJA
VALLADOLID,116,PESQUERA DE DUERO
VALLADOLID,117,PI�A DE ESGUEVA
VALLADOLID,118,PI�EL DE ABAJO
VALLADOLID,119,PI�EL DE ARRIBA
VALLADOLID,121,POLLOS
VALLADOLID,122,PORTILLO
VALLADOLID,123,POZAL DE GALLINAS
VALLADOLID,124,POZALDEZ
VALLADOLID,125,POZUELO DE LA ORDEN
VALLADOLID,126,PURAS
VALLADOLID,127,QUINTANILLA DE ARRIBA
VALLADOLID,128,QUINTANILLA DEL MOLAR
VALLADOLID,129,QUINTANILLA DE ONESIMO
VALLADOLID,130,QUINTANILLA DE TRIGUEROS
VALLADOLID,131,R�BANO
VALLADOLID,132,RAMIRO
VALLADOLID,133,RENEDO DE ESGUEVA
VALLADOLID,134,ROALES DE CAMPOS
VALLADOLID,135,ROBLADILLO
VALLADOLID,137,ROTURAS
VALLADOLID,138,RUBI DE BRACAMONTE
VALLADOLID,139,RUEDA
VALLADOLID,140,SAELICES DE MAYORGA
VALLADOLID,141,SALVADOR DE ZAPARDIEL
VALLADOLID,142,SAN CEBRI�N DE MAZOTE
VALLADOLID,143,SAN LLORENTE
VALLADOLID,144,SAN MARTIN DE VALVENI
VALLADOLID,145,SAN MIGUEL DEL ARROYO
VALLADOLID,146,SAN MIGUEL DEL PINO
VALLADOLID,147,SAN PABLO DE LA MORALEJA
VALLADOLID,148,SAN PEDRO DE LATARCE
VALLADOLID,149,SAN PELAYO
VALLADOLID,150,SAN ROM�N DE HORNIJA
VALLADOLID,151,SAN SALVADOR
VALLADOLID,152,SANTA EUFEMIA DEL ARROYO
VALLADOLID,153,SANTERV�S DE CAMPOS
VALLADOLID,154,SANTIBA�EZ DE VALCORBA
VALLADOLID,155,SANTOVENIA DE PISUERGA
VALLADOLID,156,SAN VICENTE DEL PALACIO
VALLADOLID,157,SARDON DE DUERO
VALLADOLID,158,LA SECA
VALLADOLID,159,SERRADA
VALLADOLID,160,SIETE IGLESIAS DE TRABANCOS
VALLADOLID,161,SIMANCAS
VALLADOLID,162,TAMARIZ DE CAMPOS
VALLADOLID,163,TIEDRA
VALLADOLID,164,TORDEHUMOS
VALLADOLID,165,TORDESILLAS
VALLADOLID,166,TORRECILLA DE LA ABADESA
VALLADOLID,167,TORRECILLA DE LA ORDEN
VALLADOLID,168,TORRECILLA DE LA TORRE
VALLADOLID,169,TORRE DE ESGUEVA
VALLADOLID,170,TORRE DE PE�AFIEL
VALLADOLID,171,TORRELOBAT�N
VALLADOLID,172,TORRESC�RCELA
VALLADOLID,173,TRASPINEDO
VALLADOLID,174,TRIGUEROS DEL VALLE
VALLADOLID,175,TUDELA DE DUERO
VALLADOLID,176,LA UNI�N DE CAMPOS
VALLADOLID,177,URONES DE CASTROPONCE
VALLADOLID,178,URUE�A
VALLADOLID,179,VALBUENA DE DUERO
VALLADOLID,180,VALDEARCOS DE LA VEGA
VALLADOLID,181,VALDENEBRO DE LOS VALLES
VALLADOLID,182,VALDESTILLAS
VALLADOLID,183,VALDUNQUILLO
VALLADOLID,184,VALORIA LA BUENA
VALLADOLID,185,VALVERDE DE CAMPOS
VALLADOLID,186,VALLADOLID
VALLADOLID,187,VEGA DE RUIPONCE
VALLADOLID,188,VEGA DE VALDETRONCO
VALLADOLID,189,VELASCALVARO
VALLADOLID,190,VELILLA
VALLADOLID,191,VELLIZA
VALLADOLID,192,VENTOSA DE LA CUESTA
VALLADOLID,193,VIANA DE CEGA
VALLADOLID,194,VILORIA
VALLADOLID,195,VILLAB��EZ
VALLADOLID,196,VILLABARUZ DE CAMPOS
VALLADOLID,197,VILLABRAGIMA
VALLADOLID,198,VILLACARRALON
VALLADOLID,199,VILLACID DE CAMPOS
VALLADOLID,200,VILLACO
VALLADOLID,203,VILLAFRADES DE CAMPOS
VALLADOLID,204,VILLAFRANCA DE DUERO
VALLADOLID,205,VILLAFRECHOS
VALLADOLID,206,VILLAFUERTE
VALLADOLID,207,VILLAGARC�A DE CAMPOS
VALLADOLID,208,VILLAGOMEZ LA NUEVA
VALLADOLID,209,VILLAL�N DE CAMPOS
VALLADOLID,210,VILLALAR DE LOS COMUNEROS
VALLADOLID,211,VILLALBA DE LA LOMA
VALLADOLID,212,VILLALBA DE LOS ALCORES
VALLADOLID,213,VILLALBARBA
VALLADOLID,214,VILLALON DE CAMPOS
VALLADOLID,215,VILLAMURIEL DE CAMPOS
VALLADOLID,216,VILL�N DE TORDESILLAS
VALLADOLID,217,VILLANUBLA
VALLADOLID,218,VILLANUEVA DE DUERO
VALLADOLID,219,VILLANUEVA DE LA CONDESA
VALLADOLID,220,VILLANUEVA DE LOS CABALLEROS
VALLADOLID,221,VILLANUEVA DE LOS INFANTES
VALLADOLID,222,VILLANUEVA DE SAN MANCIO
VALLADOLID,223,VILLARDEFRADES
VALLADOLID,224,VILLARMENTERO DE ESGUEVA
VALLADOLID,225,VILLASEXMIR
VALLADOLID,226,VILLAVAQUER�N
VALLADOLID,227,VILLAVELLID
VALLADOLID,228,VILLAVERDE DE MEDINA
VALLADOLID,229,VILLAVICENCIO DE LOS CABALLEROS
VALLADOLID,230,WAMBA
VALLADOLID,231,ZARAT�N
VALLADOLID,232,LA ZARZA
ZAMORA,2,ABEZAMES
ZAMORA,3,ALCA�ICES
ZAMORA,4,ALCUBILLA DE NOGALES
ZAMORA,5,ALFARAZ DE SAYAGO
ZAMORA,6,ALGODRE
ZAMORA,7,ALMARAZ DE DUERO
ZAMORA,8,ALMEIDA DE SAYAGO
ZAMORA,9,ANDAV�AS
ZAMORA,10,ARCENILLAS
ZAMORA,11,ARCOS DE LA POLVOROSA
ZAMORA,12,ARGA��N
ZAMORA,13,ARGUJILLO
ZAMORA,14,ARQUILLINOS
ZAMORA,15,ARRABALDE
ZAMORA,16,ASPARIEGOS
ZAMORA,17,ASTURIANOS
ZAMORA,18,AYO� DE VIDRIALES
ZAMORA,19,BARCIAL DEL BARCO
ZAMORA,20,BELVER DE LOS MONTES
ZAMORA,21,BENAVENTE
ZAMORA,22,BENEGILES
ZAMORA,23,BERMILLO DE SAYAGO
ZAMORA,24,LA B�VEDA DE TORO
ZAMORA,25,BRET�
ZAMORA,26,BRETOCINO
ZAMORA,27,BRIME DE SOG
ZAMORA,28,BRIME DE URZ
ZAMORA,29,BURGANES DE VALVERDE
ZAMORA,30,BUSTILLO DEL ORO
ZAMORA,31,CABA�AS DE SAYAGO
ZAMORA,32,CALZADILLA DE TERA
ZAMORA,33,CAMARZANA DE TERA
ZAMORA,34,CA��ZAL
ZAMORA,35,CA�IZO
ZAMORA,36,CARBAJALES DE ALBA
ZAMORA,37,CARBELLINO
ZAMORA,38,CASASECA DE CAMPEAN
ZAMORA,39,CASASECA DE LAS CHANAS
ZAMORA,40,CASTRILLO DE LA GUARE�A
ZAMORA,41,CASTROGONZALO
ZAMORA,42,CASTRONUEVO
ZAMORA,43,CASTROVERDE DE CAMPOS
ZAMORA,44,CAZURRA
ZAMORA,46,CERECINOS DE CAMPOS
ZAMORA,47,CERECINOS DEL CARRIZAL
ZAMORA,48,CERNADILLA
ZAMORA,50,COBREROS
ZAMORA,52,COOMONTE
ZAMORA,53,CORESES
ZAMORA,54,CORRALES DEL VINO
ZAMORA,55,COTANES DEL MONTE
ZAMORA,56,CUBILLOS
ZAMORA,57,CUBO DE BENAVENTE
ZAMORA,58,EL CUBO DE TIERRA DEL VINO
ZAMORA,59,CUELGAMURES
ZAMORA,61,ENTRALA
ZAMORA,62,ESPADA�EDO
ZAMORA,63,FARAMONTANOS DE T�BARA
ZAMORA,64,FARIZA
ZAMORA,65,FERMOSELLE
ZAMORA,66,FERRERAS DE ABAJO
ZAMORA,67,FERRERAS DE ARRIBA
ZAMORA,68,FERRERUELA
ZAMORA,69,FIGUERUELA DE ARRIBA
ZAMORA,71,FONFRIA
ZAMORA,75,FRESNO DE LA POLVOROSA
ZAMORA,76,FRESNO DE LA RIBERA
ZAMORA,77,FRESNO DE SAYAGO
ZAMORA,78,FRIERA DE VALVERDE
ZAMORA,79,FUENTE ENCALADA
ZAMORA,80,FUENTELAPE�A
ZAMORA,81,FUENTESAUCO
ZAMORA,82,FUENTES DE ROPEL
ZAMORA,83,FUENTESECAS
ZAMORA,84,FUENTESPREADAS
ZAMORA,85,GALENDE
ZAMORA,86,GALLEGOS DEL PAN
ZAMORA,87,GALLEGOS DEL R�O
ZAMORA,88,GAMONES
ZAMORA,90,GEMA
ZAMORA,91,GRANJA DE MORERUELA
ZAMORA,92,GRANUCILLO
ZAMORA,93,GUARRATE
ZAMORA,94,HERMISENDE
ZAMORA,95,LA HINIESTA
ZAMORA,96,JAMBRINA
ZAMORA,97,JUSTEL
ZAMORA,98,LOSACINO
ZAMORA,99,LOSACIO
ZAMORA,100,LUBIAN
ZAMORA,101,LUELMO
ZAMORA,102,EL MADERAL
ZAMORA,103,MADRIDANOS
ZAMORA,104,MAHIDE
ZAMORA,105,MAIRE DE CASTROPONCE
ZAMORA,107,MALVA
ZAMORA,108,MANGANESES DE LA LAMPREANA
ZAMORA,109,MANGANESES DE LA POLVOROSA
ZAMORA,110,MANZANAL DE ARRIBA
ZAMORA,111,MANZANAL DEL BARCO
ZAMORA,112,MANZANAL DE LOS INFANTES
ZAMORA,113,MATILLA DE ARZ�N
ZAMORA,114,MATILLA LA SECA
ZAMORA,115,MAYALDE
ZAMORA,116,MELGAR DE TERA
ZAMORA,117,MICERECES DE TERA
ZAMORA,118,MILLES DE LA POLVOROSA
ZAMORA,119,MOLACILLOS
ZAMORA,120,MOLEZUELAS DE LA CARBALLEDA
ZAMORA,121,MOMBUEY
ZAMORA,122,MONFARRACINOS
ZAMORA,123,MONTAMARTA
ZAMORA,124,MORAL DE SAYAGO
ZAMORA,125,MORALEJA DEL VINO
ZAMORA,126,MORALEJA DE SAYAGO
ZAMORA,127,MORALES DEL VINO
ZAMORA,128,MORALES DE REY
ZAMORA,129,MORALES DE TORO
ZAMORA,130,MORALES DE VALVERDE
ZAMORA,131,MORALINA
ZAMORA,132,MORERUELA DE LOS INFANZONES
ZAMORA,133,MORERUELA DE T�BARA
ZAMORA,134,MUELAS DE LOS CABALLEROS
ZAMORA,135,MUELAS DEL PAN
ZAMORA,136,MUGA DE SAYAGO
ZAMORA,137,NAVIANOS DE VALVERDE
ZAMORA,138,OLMILLOS DE CASTRO
ZAMORA,139,OTERO DE BODAS
ZAMORA,141,PAJARES DE LA LAMPREANA
ZAMORA,142,PALACIOS DEL PAN
ZAMORA,143,PALACIOS DE SANABRIA
ZAMORA,145,PEDRALBA DE LA PRADER�A
ZAMORA,146,EL PEGO
ZAMORA,147,PELEAGONZALO
ZAMORA,148,PELEAS DE ABAJO
ZAMORA,149,PE�AUSENDE
ZAMORA,150,PEQUE
ZAMORA,151,EL PERDIGON
ZAMORA,152,PERERUELA
ZAMORA,153,PERILLA DE CASTRO
ZAMORA,154,PIAS
ZAMORA,155,PIEDRAHITA DE CASTRO
ZAMORA,156,PINILLA DE TORO
ZAMORA,157,PINO DEL ORO
ZAMORA,158,EL PI�ERO
ZAMORA,159,POBLADURA DEL VALLE
ZAMORA,160,POBLADURA DE VALDERADUEY
ZAMORA,162,PORTO
ZAMORA,163,POZOANTIGUO
ZAMORA,164,POZUELO DE TABARA
ZAMORA,165,PRADO
ZAMORA,166,PUEBLA DE SANABRIA
ZAMORA,167,PUEBLICA DE VALVERDE
ZAMORA,168,QUINTANILLA DEL MONTE
ZAMORA,169,QUINTANILLA DEL OLMO
ZAMORA,170,QUINTANILLA DE URZ
ZAMORA,171,QUIRUELAS DE VIDRIALES
ZAMORA,172,RABANALES
ZAMORA,173,RABANO DE ALISTE
ZAMORA,174,REQUEJO
ZAMORA,175,REVELLINOS
ZAMORA,176,RIOFRIO DE ALISTE
ZAMORA,177,RIONEGRO DEL PUENTE
ZAMORA,178,ROALES
ZAMORA,179,ROBLEDA-CERVANTES
ZAMORA,180,ROELOS DE SAYAGO
ZAMORA,181,ROSINOS DE LA REQUEJADA
ZAMORA,183,SALCE
ZAMORA,184,SAMIR DE LOS CA�OS
ZAMORA,185,SAN AGUSTIN DEL POZO
ZAMORA,186,SAN CEBRIAN DE CASTRO
ZAMORA,187,SAN CRIST�BAL DE ENTREVI�AS
ZAMORA,188,SAN ESTEBAN DEL MOLAR
ZAMORA,189,SAN JUSTO
ZAMORA,190,SAN MARTIN DE VALDERADUEY
ZAMORA,191,SAN MIGUEL DE LA RIBERA
ZAMORA,192,SAN MIGUEL DEL VALLE
ZAMORA,193,SAN PEDRO DE CEQUE
ZAMORA,194,SAN PEDRO DE LA NAVE-ALMENDRA
ZAMORA,197,SANTA CLARA DE AVEDILLO
ZAMORA,199,SANTA COLOMBA DE LAS MONJAS
ZAMORA,200,SANTA CRISTINA DE LA POLVOROSA
ZAMORA,201,SANTA CROYA DE TERA
ZAMORA,202,SANTA EUFEMIA DEL BARCO
ZAMORA,203,SANTA MAR�A DE LA VEGA
ZAMORA,204,SANTA MARIA DE VALVERDE
ZAMORA,205,SANTIB��EZ DE TERA
ZAMORA,206,SANTIBA�EZ DE VIDRIALES
ZAMORA,207,SANTOVENIA
ZAMORA,208,SAN VICENTE DE LA CABEZA
ZAMORA,209,SAN VITERO
ZAMORA,210,SANZOLES
ZAMORA,214,TABARA
ZAMORA,216,TAPIOLES
ZAMORA,219,TORO
ZAMORA,220,LA TORRE DEL VALLE
ZAMORA,221,TORREGAMONES
ZAMORA,222,TORRES DEL CARRIZAL
ZAMORA,223,TRABAZOS
ZAMORA,224,TREFACIO
ZAMORA,225,U�A DE QUINTANA
ZAMORA,226,VADILLO DE LA GUARE�A
ZAMORA,227,VALCABADO
ZAMORA,228,VALDEFINJAS
ZAMORA,229,VALDESCORRIEL
ZAMORA,230,VALLESA DE LA GUARE�A
ZAMORA,231,VEGA DE TERA
ZAMORA,232,VEGA DE VILLALOBOS
ZAMORA,233,VEGALATRAVE
ZAMORA,234,VENIALBO
ZAMORA,235,VEZDEMARB�N
ZAMORA,236,VIDAYANES
ZAMORA,237,VIDEMALA
ZAMORA,238,VILLABR�ZARO
ZAMORA,239,VILLABUENA DEL PUENTE
ZAMORA,240,VILLADEPERA
ZAMORA,241,VILLAESCUSA
ZAMORA,242,VILLAF�FILA
ZAMORA,243,VILLAFERRUE�A
ZAMORA,244,VILLAGERIZ
ZAMORA,245,VILLALAZAN
ZAMORA,246,VILLALBA DE LA LAMPREANA
ZAMORA,247,VILLALCAMPO
ZAMORA,248,VILLALOBOS
ZAMORA,249,VILLALONSO
ZAMORA,250,VILLALPANDO
ZAMORA,251,VILLALUBE
ZAMORA,252,VILLAMAYOR DE CAMPOS
ZAMORA,255,VILLAMOR DE LOS ESCUDEROS
ZAMORA,256,VILLAN�ZAR
ZAMORA,257,VILLANUEVA DE AZOAGUE
ZAMORA,258,VILLANUEVA DE CAMPEAN
ZAMORA,259,VILLANUEVA DE LAS PERAS
ZAMORA,260,VILLANUEVA DEL CAMPO
ZAMORA,261,VILLARALBO
ZAMORA,262,VILLARDECIERVOS
ZAMORA,263,VILLAR DE FALLAVES
ZAMORA,264,VILLAR DEL BUEY
ZAMORA,265,VILLARDIEGUA DE LA RIBERA
ZAMORA,266,VILLARDIGA
ZAMORA,267,VILLARDONDIEGO
ZAMORA,268,VILLARRIN DE CAMPOS
ZAMORA,269,VILLASECO DEL PAN
ZAMORA,270,VILLAVENDIMIO
ZAMORA,271,VILLAVEZA DEL AGUA
ZAMORA,272,VILLAVEZA DE VALVERDE
ZAMORA,273,VI�AS
ZAMORA,275,ZAMORA
